:020000040800F2
:100000004865002029020008B15A00084954000838
:10001000AD5A0008050600087169000800000000DC
:10002000000000000000000000000000B15D0008BA
:10003000CD15000800000000415D0008E55D0008E6
:10004000430200084302000843020008430200087C
:10005000430200084302000843020008430200086C
:10006000430200084302000843020008430200085C
:10007000430200084302000843020008430200084C
:1000800091120008A1120008430200084302000870
:100090000906000819060008430200084302000888
:1000A00043020008D95E000843020008430200082A
:1000B000E95E0008F95E00084302000843020008F8
:1000C00043020008430200084302000843020008FC
:1000D00043020008516900086169000843020008F2
:1000E00043020008430200084302000843020008DC
:1000F00043020008430200084302000843020008CC
:1001000043020008430200084302000843020008BB
:1001100043020008430200084302000843020008AB
:100120004302000843020008B1120008430200081D
:100130004302000800000000000000004302000825
:100140002906000839060008430200084302000897
:100150004302000843020008C112000843020008DD
:10016000430200084302000843020008430200085B
:1001700043020008430200080000000000000000E5
:10018000430200084302000800F002F800F03CF8C7
:100190000AA090E8000C82448344AAF10107DA45E2
:1001A00001D100F031F8AFF2090EBAE80F0013F0F8
:1001B000010F18BFFB1A43F00103184718990000FC
:1001C00038990000103A24BF78C878C1FAD852078D
:1001D00024BF30C830C144BF04680C6070470000C1
:1001E0000023002400250026103A28BF78C1FBD840
:1001F000520728BF30C148BF0B6070471FB509F0D8
:10020000FDFB1FBD10B510BD00F054F91146FFF7FE
:10021000F5FF06F04FFC00F072F903B4FFF7F2FFB0
:1002200003BC00F075F90000094880470948004701
:10023000FEE7FEE7FEE7FEE7FEE7FEE7FEE7FEE796
:10024000FEE7FEE704480549054A064B70470000F3
:10025000C55E000889010008485900204865002053
:10026000486100204861002053EA020C00F06980D8
:100270002DE9F04B4FF00006002B1FBFB3FA83F5BA
:1002800003FA05F424FA05F65E4012BF1643B2FAEB
:1002900082F502FA05F4C5F120051EBF22FA05FC1D
:1002A00044EA0C04203556EA044C4FEA144418BFC3
:1002B000641C4FF000084FF00009904271EB030CF2
:1002C00039D3002919BFB1FA81F701FA07F6B0FA5C
:1002D00080F700FA07F6C7F120071EBF20FA07FCD7
:1002E00046EA0C062037B6FBF4FCA7EB0507103FE7
:1002F00007F01F0BCBF120062CFA06F60CFA0BFBCD
:1003000044BFB3460026202FA4BF5E464FF0000B2B
:100310005BEA060C08BF4FF0010B19EB0B0948EB29
:100320000608ABFB027C06FB02CC0BFB03CCC01B1C
:1003300071EB0C01C1E70B46024641464846BDE859
:10034000F08B13B5084318BF4FF0FF300146AFF3F1
:100350000080BDE81C407047032A40F2308010F056
:10036000030C00F0158011F8013BBCF1020F624450
:1003700098BF11F801CB00F8013B38BF11F8013BE1
:10038000A2F1040298BF00F801CB38BF00F8013B8E
:1003900011F0030300F05780083AC0F0088051F8CC
:1003A000043B083A51F804CBA0E80810F5E7121D09
:1003B0005CBF51F8043B40F8043BAFF30080D20728
:1003C00024BF11F8013B11F801CB48BF11F8012BF4
:1003D00024BF00F8013B00F801CB48BF00F8012B17
:1003E000704702F0FF0343EA032242EA024200F0B0
:1003F00002B84FF0000200B51346944696462039E5
:1004000022BFA0E80C50A0E80C50B1F12001BFF4CD
:10041000F7AF090728BFA0E80C5048BF0CC05DF833
:1004200004EB890028BF40F8042B08BF704748BF81
:1004300020F8022B11F0804F18BF00F8012B7047F5
:1004400070477047704710B5203AC0F00B80B1E894
:100450001850A0E81850B1E81850A0E81850203AF9
:10046000BFF4F5AF5FEA027C24BFB1E81850A0E802
:10047000185044BF18C918C0BDE810405FEA827C1C
:1004800024BF51F8043B40F8043B08BF7047D20733
:1004900028BF31F8023B48BF11F8012B28BF20F8D4
:1004A000023B48BF00F8012B70470000004870472E
:1004B000100000207546FFF7F9FFAE4605006946BB
:1004C000534620F00700854618B020B5FFF7BAFE66
:1004D000BDE820404FF000064FF000074FF0000845
:1004E0004FF0000BAC46ACE8C009ACE8C009ACE882
:1004F000C009ACE8C00921F007018D46704710B56E
:100500000446AFF300802046BDE81040FFF785BEEB
:1005100001491820ABBEFEE726000200704700002C
:1005200080B586B00590FFE700208DF81300FFE747
:100530009DF8130040F27001C2F200010978884270
:100540001DDAFFE70020C4F2020002904FF40041E0
:100550000191012203F080F82820039006F0D8FAD8
:1005600001990298002203F077F8039806F0D0FA78
:10057000FFE79DF8130001308DF81300D8E7012044
:1005800006F0C6FAD0E7000080B586B00020C4F2BD
:10059000020002904FF4004103910122019203F006
:1005A0005BF8C820009002F059FE029803990022DF
:1005B000049203F051F8009802F050FE019A02985C
:1005C000039903F049F83220059002F047FE0298A3
:1005D0000399049A03F040F8059802F03FFE019A4F
:1005E0000298039903F038F8059802F037FE029854
:1005F0000399049A03F030F8059802F02FFE06B034
:1006000080BD0000FFE7FEE780B540F68C40C2F2F7
:10061000000001F031FE80BD80B540F68C40C2F292
:10062000000001F029FE80BD80B540F6B440C2F262
:10063000000001F021FE80BD80B540F6B440C2F25A
:10064000000001F019FE80BD41F23050C2F20000FE
:100650000078C00708B1FFE71DE040F27802C2F25F
:10066000000200205070107040F2A011C2F2000190
:100670004870087040F68C40C2F20000506040F6AE
:10068000B440C2F20000486041F23051C2F20001B1
:1006900001200870FFE7704783B002900191029833
:1006A00000788DF8030001980078029908709DF891
:1006B00003000199087003B07047000084B08DED0D
:1006C000020ACDED010A8DED001A9DED020A9DEDA5
:1006D000011AB4EE410AF1EE10FA03DAFFE70198CD
:1006E00003900FE09DED020A9DED001AB4EE410A61
:1006F000F1EE10FA03DDFFE70098039002E00298A4
:100700000390FFE79DED030A04B0704783B08DEDC1
:10071000010ACDED000A9DED010A9DED001AB4EE2F
:10072000410AF1EE10FA03DDFFE70098029015E0B0
:100730009DED010A9DED001AB1EE411AB4EE410A99
:10074000F1EE10FA07DAFFE79DED000AB1EE400A7C
:100750008DED020A02E001980290FFE79DED020A8A
:1007600003B0704710B584B003900398B0F844000C
:100770000399B1F86010401A0399A1F84600039854
:10078000B0F94600012805DBFFE70398B0F9460001
:10079000029005E00398B0F9460040420290FFE75E
:1007A0000298B0F5805F12DDFFE70398B0F846309D
:1007B0000398B0F946104FF0FF300029C8BF012060
:1007C00003998A8800FB1230A1F84600FFE70398DE
:1007D000B0F946200399886C10448864039890ED22
:1007E000120AB8EEC00A9FED251A20EE010A8DED1F
:1007F000010A0398818800EE101AB8EE400A8DEDC8
:10080000000A00F063FF9DED001AB0EE402A9DED56
:10081000010A21EE021A80EE010A039880ED0E0A09
:1008200003984078C00730B1FFE70398806C0399C4
:10083000C1F88C00FFE7039890F86F00C00740B143
:10084000FFE7039800F0E6FB0399002081F86F00B2
:10085000FFE70399486B8A6BCB6BD1F840C0D1F8A6
:1008600044E08C6C4C66C1F860E0C1F85CC08B65FC
:100870004A650865C86C886604B010BD0000B443C2
:1008800080B58AB0099000200090089007900690EB
:1008900005900490039002908DF807000590069053
:1008A000082107918DF8200009980078042801D8C4
:1008B000FFE72FE040F2FF100390099801786FF0F6
:1008C000090000EB41008DF80700FFE70998018B54
:1008D0009DF8072040F62830C2F2000081529DF8B2
:1008E00007100844411CFFF7D7FE09980078042838
:1008F00005D0FFE70998007808280BD1FFE700F042
:10090000B1F840F62832C2F2000203A902AB01F0AE
:1009100029FAFFE70AB080BD80B584B000200390BB
:10092000FFE70398072800F29A80FFE7039840F258
:10093000C822C2F200024FF4867100FB0120407809
:10094000C00700286FD0FFE7039840F2C822C2F228
:10095000000200924FF48671019100FB012000F02B
:10096000DBFB009A0199039800FB0120C078014647
:100970000291042855D80299DFE801F00314202CD5
:100980003800039840F2C822C2F200024FF4867188
:1009900000FB012300201883039800FB0120FFF7D0
:1009A0006FFF58E0039840F2C822C2F200024FF4F1
:1009B000867100FB012000F03DFB33E0039840F21C
:1009C000C822C2F200024FF4867100FB012000F041
:1009D000ABF927E0039840F2C822C2F200024FF4BC
:1009E000867100FB012000F0C5FB1BE0039840F27C
:1009F000C822C2F200024FF4867100FB0120B0F958
:100A0000180000EE100AB8EEC00A039800FB01209F
:100A1000B0F9140001EE100AF8EEC10AFFF776FEF5
:100A200000E0FFE70BE0039840F2C822C2F20002A8
:100A30004FF4867100FB012100200883FFE7039833
:100A400040F2C822C2F200024FF4867100FB01207E
:100A5000FFF716FFFFE703980130039061E704B04A
:100A600080BD000040F68C40C2F2000070470000DC
:100A7000F0B5A1B040F2FF101F904FF07E511D91D4
:100A80000020C4F210201E9041F6FF70ADF87000F7
:100A900041F29412ADF880204FF400721A9218912E
:100AA0004AF22C01C4F299111991ADF85C0042F29E
:100AB0001070ADF86C0001218DF8431000200690F5
:100AC0008DF858000022C4F2873211920022CCF235
:100AD000873212928DF841008DF842104FF4DC728B
:100AE00014928DF840004FF4C872ADF84C2040F6D7
:100AF000B832ADF856203222ADF854208DF83F10B0
:100B00008DF83D008DF83E008DF83C000D90ADF85D
:100B10003800ADF83A000B90ADF83000ADF8320077
:100B20000A90FFE70A98072863D8FFE70A9840F27F
:100B3000C823C2F2000303934FF48672049200FBB1
:100B400002310020059048700A9901FB023188703B
:100B50000A9901FB023C0F99CCF86C100A9901FB31
:100B6000023C1099DDF844E0129C139D149E159FE1
:100B7000CCF88470CCF88060CCF87C50CCF878400D
:100B8000CCF874E0CCF870101699CCF888100A995B
:100B900001FB023C0D99DDF838E0CCF890E0CCF890
:100BA0008C100A9901FB023C0B99DDF830E0CCF87F
:100BB00098E0CCF894100A9901FB023108830A9955
:100BC00001FB0231C8610A9901FB023108840A99CC
:100BD00001FB0231C8620A9901FB023188640A995B
:100BE00001FB0231A1F86000FFE70A9801300A908A
:100BF00098E700200990FFE70998002821D2FFE735
:100C0000099A501C4FF4867102FB01F340F2C8228E
:100C1000C2F20002D054099800FB01211C981D9AD1
:100C20001E9BDDF87CC0DDF880E0C1F814E0C1F85F
:100C300010C0CB608A604860FFE7099801300990D6
:100C4000DAE700200890FFE70898072821D8FFE797
:100C5000089A501C4FF4867102FB01F340F2C8223F
:100C6000C2F20002D054089800FB01211798189A8C
:100C7000199BDDF868C0DDF86CE0C1F814E0C1F83C
:100C800010C0CB608A604860FFE708980130089088
:100C9000DAE700200790FFE7079807283CD8FFE72E
:100CA000079840F2C822C2F2000201924FF4867106
:100CB000029100FB01209C30B6EE000ADFED170A1E
:100CC000B3EE041A002104F0FDFF019A029907987F
:100CD00000FB0120D430B1EE060ADFED110A9FEDD2
:100CE000111A012104F0EEFF019A0299079800FB06
:100CF000012344F20000C4F29C50C3F8C0000798DE
:100D000000FB01210020C4F2C820C1F8C400FFE7A5
:100D1000079801300790BFE721B0F0BD6F12833A0A
:100D20009A99993E0AD7233C80B586B005900598DC
:100D300090F87100C00770B1FFE7059890ED070AC1
:100D4000059890ED1D1AD0ED1E0AFFF7B7FC059827
:100D500080ED070AFFE7059890ED070A8DED040A7C
:100D6000059800F0B3FCB0EE401A9DED040A20EEA9
:100D7000010A0598818801EE101AB8EE411A20EE9A
:100D8000010A9FED521A80EE010ABDEEC00A80ED05
:100D90000B0A059890ED0B0AB8EEC00A059880ED95
:100DA000270A059890ED120AB8EEC00A059880ED62
:100DB000280A05989C3004F0B3FE059880ED350AAA
:100DC0000598C06A0599896C401A012807DBFFE77E
:100DD0000598C06A0599896C401A039006E0059849
:100DE000C16A0598806C401A0390FFE70398059943
:100DF000B1F98A10884205DAFFE705990020C1F8A9
:100E0000D40021E0059890F87200C007D8B1FFE740
:100E1000059890ED200A90ED351A8DED021AB8EE86
:100E2000C00A8DED010A00F051FC9DED011AB0EEF3
:100E3000402A9DED020A61EE020AFFF767FC059861
:100E400080ED350AFFE7FFE70598B0F93C0000EEBA
:100E5000100AB8EEC00A8DED000A059800F036FCC5
:100E6000B0EE401A9DED000A20EE010A059880EDD3
:100E7000360A0598D43004F053FEB0EE401A0599B6
:100E8000B1F9180000EE100AB8EEC00A30EE010AFF
:100E9000BDEEC00A10EE100A08830598B0F91800DC
:100EA00000EE100AB8EEC00A0598B0F9140001EE81
:100EB000100AF8EEC10AFFF729FCBDEEC00A10EED9
:100EC000100A0599088306B080BD00BF0000B44336
:100ED000B0B58CB0129CDDF844E0DDF840C0139D45
:100EE0000B94CDF828E0CDF824C008930792069122
:100EF0000590079868B9FFE7089850B9FFE705988B
:100F0000B0F5007F05D9FFE70598B0F5027F01D95C
:100F1000FFE779E00598A0F500708DF813009DF8C3
:100F20001300092801D3FFE76EE09DF8130040F29B
:100F3000C822C2F200024FF4867110FB0120A0F516
:100F40008670039013980178407840EA0120039955
:100F5000A1F8440013988178C07840EA0120ADF8E8
:100F60000A0013980179407940EA012003998886A4
:100F70000398007805F094FDA0B1FFE713988079FD
:100F8000039981F84C000398B0F9340000EE100A80
:100F9000B8EEC00A9FED1E1A20EE010A039880EDFC
:100FA000100A12E00398B0F9340000EE100AB8EE0F
:100FB000C00A9FED161A80EE010AB2EE041A20EE66
:100FC000010A039880ED100AFFE7BDF90A0000EE60
:100FD000100AB8EEC00A8DED010A039800F076FB06
:100FE000B0EE401A9DED010A80EE010ABDEEC00A86
:100FF00010EE100A0399888703990020C1F8940025
:101000000398FFF7AFFBFFE70CB0B0BD00401C46F4
:10101000E5FF9F3A81B000900099002081F86F00B1
:1010200000998863009988640099C1F88C0001B028
:101030007047000080B584B00390039890F870006A
:10104000C00790B1FFE7039890ED350AB0F97C0036
:1010500001EE100AF8EEC10AFFF758FBBDEEC00A18
:1010600010EE100A03990884FFE70398B0F92000F6
:1010700000EE100AB8EEC00A8DED010A039800F0E8
:1010800025FBB0EE401A9DED010A20EE010A0398FF
:1010900080ED350A0398B0F93C0000EE100AB8EE76
:1010A000C00A8DED020A039800F010FBB0EE401A62
:1010B0009DED020A20EE010A039880ED360A03989E
:1010C000D43004F02DFDB0EE401A0399B1F91800A8
:1010D00000EE100AB8EEC00A30EE010ABDEEC00AFA
:1010E00010EE100A08830398B0F9180000EE100AF9
:1010F000B8EEC00A0398B0F9140001EE100AF8EE39
:10110000C10AFFF703FBBDEEC00A10EE100A0399F7
:10111000088304B080BD000080B582B001900198C2
:1011200080780199C978884221D0FFE701988078BA
:101130000199C870019900200090088301990884E2
:101140000198806B0199C86101989C3004F0E6FD1C
:101150000198D43004F0E2FD0098019981F86C0008
:10116000019981F86D00019981F86E00FFE702B0E6
:1011700080BD000080B584B003900398B0F984105E
:1011800000EE101AB8EEC00A8DED010A00F09EFACA
:10119000B0EE401A9DED010A20EE010A039880EDA1
:1011A000350A0398B0F93C0000EE100AB8EEC00A08
:1011B0008DED020A039800F089FAB0EE401A9DED19
:1011C000020A20EE010A039880ED360A0398D43013
:1011D00004F0A6FCB0EE401A0399B1F9180000EE35
:1011E000100AB8EEC00A30EE010ABDEEC00A10EED9
:1011F000100A08830398B0F9180000EE100AB8EE40
:10120000C00A0398B0F9860001EE100AF8EEC10A90
:10121000FFF77CFABDEEC00A10EE100A03990883AE
:101220000398B0F94600012805DBFFE70398B0F901
:101230004600009005E00398B0F946004042009057
:10124000FFE700980E2820DCFFE7039AB2F8900031
:10125000411CA2F89010652816D3FFE703990020DF
:10126000A1F89000039A012182F86C10039948704C
:1012700003989C3004F052FD0398D43004F04EFDE6
:101280000398FFF7C7FEFFE7FFE704B080BD00004B
:1012900080B540F69C50C2F2000001F035FD80BDE3
:1012A00080B540F6FC50C2F2000001F02DFD80BD7B
:1012B00080B540F6DC40C2F2000001F025FD80BDA3
:1012C00080B540F63C50C2F2000001F01DFD80BD2B
:1012D00082B001900198007810384AF6AB21CAF626
:1012E000AA21A0FB011000090090009949F65420A2
:1012F000C0F60000405C0199C8650098042807D337
:10130000FFE701990868042262F30900886506E096
:101310000199086840F2FF3290438865FFE7019821
:10132000806D02B07047000086B0059000208DF8F7
:1013300013000598806A03900598806910BBFFE749
:101340000398029003281BD80299DFE801F0020DF0
:101350000218059890F82F00C00720B1FFE7012080
:101360008DF81300FFE70CE00598C06AB0F1C07F6C
:1013700004D1FFE701208DF81300FFE701E000E052
:10138000FFE745E005988069B0F5005F25D1FFE7EC
:101390000398019003281ED80199DFE801F00206A6
:1013A000021101208DF8130016E0059890F82F0027
:1013B000C00720B1FFE701208DF81300FFE70BE025
:1013C0000598C06AB0F1C07F04D1FFE701208DF815
:1013D0001300FFE700E0FFE719E0039800900328FF
:1013E00004D3FFE70098032804D00EE001208DF815
:1013F00013000BE0059890F82F00C00720B1FFE71D
:1014000001208DF81300FFE700E0FFE7FFE7FFE7AB
:101410009DF8130006B0704784B0039002910192CA
:10142000009303980168086820F480200860009801
:1014300003990968486003988068402809D1FFE74C
:101440000198039909688860029803990968C8603F
:1014500008E002980399096888600198039909686F
:10146000C860FFE704B0704780B582B08DF8060011
:1014700040F64030C2F2000090F80601012871D118
:10148000FFE79DF8061040F64030C2F2000080F8F9
:10149000011190F801015A2856D1FFE700208DF87C
:1014A00005000090FFE7009840F64031C2F20001CD
:1014B00091F802110139884210DAFFE7009940F6ED
:1014C0004030C2F20000415C9DF8050008448DF8F0
:1014D0000500FFE7009801300090E4E740F6403156
:1014E000C2F20001002081F8060191F802010844CF
:1014F00010F8010C9DF80510884224D1FFE740F652
:101500004030C2F2000090F80201232813D1FFE717
:1015100040F64840C2F2000000F05AF850B9FFE728
:1015200040F64031C2F20001002081F802018DF83E
:10153000070046E0FFE740F64031C2F2000100201C
:1015400081F80201FFE70CE09DF8060040F640310B
:10155000C2F2000191F80221531C81F80231885433
:10156000FFE715E09DF8061040F64030C2F200009B
:1015700080F8001190F80001A52808D1FFE740F697
:101580004031C2F20001012081F80601FFE7FFE7C8
:1015900040F64030C2F2000090F8020180280CDBD7
:1015A000FFE740F64031C2F20001002081F8060159
:1015B00081F802018DF8070003E001208DF8070093
:1015C000FFE79DF8070002B080BD000070470000F3
:1015D00086B0049000208DF80F008DF80E00029068
:1015E000FFE7029811281CDCFFE70298C11700EB07
:1015F0005170C11040F64030C2F20000405C9DF8CE
:101600000E104A1C8DF80E2001F00701C84000F0B2
:1016100001000499029A8854FFE702980130029071
:10162000DFE703208DF80F0000208DF80700FFE7AB
:101630009DF80700022816DCFFE79DF80F10481CF4
:101640008DF80F0040F64030C2F20000405C049973
:101650009DF8072011448874FFE79DF807000130CA
:101660008DF80700E4E700200090FFE700980628C7
:1016700016DCFFE70498009900EB81019DF80F202C
:1016800040F64030C2F20000805888619DF80F009B
:1016900004308DF80F00FFE7009801300090E5E777
:1016A0009DF80F00222804D0FFE700208DF81700D6
:1016B00003E001208DF81700FFE79DF8170006B042
:1016C0007047000072B6FFE7FEE7000081B00090AF
:1016D000009890ED020A90ED031A20EE010A01B085
:1016E0007047000080B584B041F25851C2F2000149
:1016F00000200290087040F2C821C2F2000181F877
:10170000310481F832040020C4F2020003904FF447
:1017100000410191012201F09FFF4FF4967005F006
:10172000F7F90199029A039801F096FF04B080BD81
:1017300080B584B041F25850C2F20000012202701C
:1017400040F2C821C2F2000181F831240020029049
:1017500081F832040020C4F2020003904FF40041EB
:10176000019101F079FF4FF4967005F0D1F90199DC
:10177000029A039801F070FF04B080BD80B582B07A
:1017800001900198407801460091012804D0FFE7BC
:101790000098022825D057E041F25950C2F20000CB
:1017A000007801280FD1FFE70320042106F066FC32
:1017B00041F25951C2F20001002008704FF4FA7052
:1017C00005F0A6F9FFE740F2C821C2F200010020AF
:1017D000CCF2E130C1F84C044FF4FA7005F098F9FE
:1017E00033E040F2C821C2F2000148F20000CCF21E
:1017F0005440C1F84C044FF4FA7005F089F941F2F5
:101800005950C2F20000007801280FD1FFE70320F1
:10181000042106F033FC41F25951C2F200010020CC
:1018200008704FF4FA7005F073F9FFE740F2C82131
:10183000C2F200010020CCF29640C1F84C044FF4F3
:10184000FA7005F065F900E0FFE702B080BD000026
:1018500080B541F25950C2F20000007801280FD142
:10186000FFE70320042106F009FC41F25951C2F2BE
:101870000001002008704FF4FA7005F049F9FFE705
:1018800040F2C821C2F200010020CCF29640C1F81B
:101890004C0441F25950C2F20000007870B9FFE7E1
:1018A0000320072106F0EAFB41F25951C2F2000180
:1018B00001200870C82005F02BF9FFE740F2C8218D
:1018C000C2F2000148F20000CCF20940C1F84C0419
:1018D000FA2005F01DF941F25950C2F200000078DB
:1018E00001280FD1FFE70320042106F0C7FB41F2D6
:1018F0005951C2F20001002008704FF4FA7005F04F
:1019000007F9FFE740F2C821C2F200010020CCF243
:101910009640C1F84C0480BDB0B588B00E9CDDF88F
:1019200034E0DDF830C00F9D0794CDF818E0CDF815
:1019300014C00493039202910190029840F2013185
:10194000C0F20111884216D1FFE70F9800784D28A8
:1019500011D1FFE70F9840780146009120B1FFE7D1
:101960000098012803D005E0FFF7BCFE9DE0FFF7DB
:10197000DFFE9AE099E0029840F2FF31C0F20111D7
:1019800088420CD1FFE70F980078522807D1FFE773
:1019900040F68141C2F200010F20087084E041F25C
:1019A0005850C2F20000007801287CD1FFE740F2D5
:1019B000C820C2F2000090F83104C007002872D09D
:1019C000FFE70F9908684A6840F68241C2F20001B9
:1019D0004A600860029840F20231C0F20111884268
:1019E0000CD1FFE70F980078502807D1FFE740F6A9
:1019F0008141C2F200010220087053E0029840F2D7
:101A00000331C0F2011188420CD1FFE70F98007832
:101A1000472807D1FFE740F68141C2F200010320C9
:101A200008703EE0029840F20431C0F20111884291
:101A30000CD1FFE70F980078502807D1FFE740F658
:101A40008141C2F200010420087029E0029840F2AE
:101A50000531C0F2011188420CD1FFE70F980078E0
:101A6000532807D1FFE740F68141C2F2000105206B
:101A7000087014E0029840F20631C0F20111884269
:101A80000CD1FFE70F980078462807D1FFE740F612
:101A90008141C2F2000106200870FFE7FFE7FFE77F
:101AA000FFE7FFE7FFE7FFE7FFE708B0B0BD000093
:101AB00080B540F68A40C2F20000007878B9FFE7AE
:101AC0000320042106F0DAFA4FF4487005F020F8FC
:101AD00040F68A41C2F2000101200870FFE70320AE
:101AE000072106F0CBFA41F25951C2F20001012060
:101AF000087040F2C821C2F20001022081F83204CD
:101B00000020CCF27010C1F84C044FF4FA7004F0CD
:101B1000FFFF80BD80B50320002106F0AFFAFFF77C
:101B2000E1FD80BD80B582B001900198407801460A
:101B30000091012804D0FFE70098022824D047E054
:101B400040F2C821C2F200010020CCF2A020C1F86E
:101B50004C044FF4967004F0DBFF41F25950C2F28E
:101B60000000007878B9FFE70320072106F086FA25
:101B700041F25951C2F20001012008704FF4FA708D
:101B800004F0C6FFFFE724E040F2C821C2F20001E2
:101B90000020CCF25240C1F84C044FF4C87004F05D
:101BA000B7FF41F25950C2F20000007878B9FFE760
:101BB0000320072106F062FA41F25951C2F20001F6
:101BC000012008704FF4FA7004F0A2FFFFE700E074
:101BD000FFE702B080BD000080B582B040F68140D2
:101BE000C2F20000007808B9FFE734E040F6814116
:101BF000C2F2000108788DF80700002008709DF8F7
:101C000007000238014600910D2823D80099DFE82B
:101C100001F0070A11181B21212121212121211E58
:101C2000FFF746FF17E040F68240C2F20000FFF7E0
:101C3000A5FD10E040F68240C2F20000FFF772FFFF
:101C400009E000F00BF806E0FFF702FE03E000F009
:101C500057F800E0FFE702B080BD000080B541F218
:101C60005950C2F20000007878B9FFE7032007213D
:101C700006F004FA41F25951C2F200010120087045
:101C80004FF4FA7004F044FFFFE740F2C821C2F2BB
:101C9000000148F20000CCF25440C1F84C044FF46B
:101CA000FA7004F035FF41F25950C2F2000000789A
:101CB00001280FD1FFE70320042106F0DFF941F2EC
:101CC0005951C2F20001002008704FF4FA7004F07C
:101CD0001FFFFFE740F2C821C2F200010020CCF252
:101CE0009640C1F84C044FF4FA7004F011FF80BD27
:101CF00080B582B00190FFE7FFF76EFFFCE70000C0
:101D000082B001200190019880F3138804F0B4FEA2
:101D100084B002900191029890F820008DF80300A1
:101D20009DF80300012805D0FFE79DF80300022875
:101D30000AD1FFE7019A0298016848691043486197
:101D400000208DF80F0008E00299486A40F48020D6
:101D5000486201208DF80F00FFE79DF80F0004B0E6
:101D60007047000088B0069005910492039306988E
:101D700090F820008DF807000698006880680090B1
:101D80000598806808B9FFE700E0FFE79DF80700C5
:101D9000012806D0FFE79DF80700022840F0808068
:101DA000FFE79DF80300400700280CD4FFE79DF8EB
:101DB00003000007002806D4FFE79DF80300C006D3
:101DC000002864D5FFE70098C0F3016002900299F3
:101DD00001208840039908600598806868B9FFE78A
:101DE00005980168C06840EA415006990968029A5E
:101DF00001EB0211C1F880010EE005994A6888687C
:101E0000C96840EAC200084306990968029A01EBD2
:101E10000211C1F88001FFE7059800690699096879
:101E2000029A01EB0211C1F884010598007D012896
:101E30000CD1FFE706980068029900EB0111D1F878
:101E4000840140F48070C1F88401FFE70498406881
:101E500006990968029A01EB0211C1F88C010498F5
:101E6000006806990968029A01EB0211C1F888011D
:101E700006980068029900EB0111D1F8800140F04A
:101E80000100C1F8800100208DF81F0011E00699C3
:101E9000486A40F40010486201208DF81F0008E0F5
:101EA0000699486A40F48020486201208DF81F009E
:101EB000FFE79DF81F0008B07047000086B004904F
:101EC0000391049890F820008DF803009DF803001A
:101ED000012806D0FFE79DF80300022840F0B080FB
:101EE000FFE746F20040C4F2000001900199D1F8EA
:101EF000000240F00100C1F800020199D1F800028F
:101F000020F47C50C1F800020398426A0199D1F88C
:101F1000000240EA0220C1F800020398406900F084
:101F20001F01012088400290029A0199D1F81C02F9
:101F30009043C1F81C020398C069F0B9FFE7029A08
:101F40000199D1F80C029043C1F80C02039A9088D1
:101F5000D168526940EA0140019901EBC201C1F820
:101F60004002039A10889168526940EA0140019941
:101F700001EBC201C1F84402FFE70398C0690128E0
:101F80001ED1FFE7029A0199D1F80C021043C1F863
:101F90000C02039A90881168526940EA0140019945
:101FA00001EBC201C1F84002039A9089916852691D
:101FB00040EA0140019901EBC201C1F84402FFE788
:101FC0000398806940B9FFE7029A0199D1F80402A9
:101FD0009043C1F8040207E0029A0199D1F8040283
:101FE0001043C1F80402FFE70398006940B9FFE716
:101FF000029A0199D1F814029043C1F8140207E043
:10200000029A0199D1F814021043C1F81402FFE7B3
:102010000398006A012808D1FFE7029A0199D1F8D4
:102020001C021043C1F81C02FFE70199D1F800021D
:1020300020F00100C1F8000200208DF8170008E030
:102040000499486A40F48020486201208DF8170006
:10205000FFE79DF8170006B07047000081B00090C0
:1020600001B0704786B004900391029201930498E6
:1020700090F820008DF803009DF80300012806D099
:10208000FFE79DF80300022840F0E880FFE703988F
:1020900080B9FFE704980068C068800748B9FFE787
:1020A0000499486A40F40010486201208DF8170036
:1020B000DDE00FE0049800680069800748B9FFE799
:1020C0000499486A40F40010486201208DF8170016
:1020D000CDE0FFE704980068039900EB0110D0F809
:1020E000B00100F00400029988600298806858B935
:1020F000FFE704980068039900EB0110D0F8B001E5
:10210000400D029908600AE004980068039900EB0A
:102110000110D0F8B001C00802994860FFE70498A8
:102120000068039900EB0110D0F8B00100F0020044
:102130000299C86004980068039900EB0110D0F878
:10214000B40100F00F00082804D3FFE7029908202B
:1021500008610BE004980068039900EB0110D0F8C7
:10216000B40100F00F0002990861FFE704980068CD
:10217000039900EB0110D0F8B40180B2000A029973
:10218000886104980068039900EB0110D0F8B4014D
:10219000000C0299486104980068039900EB011053
:1021A000D0F8B8010199087004980068039900EB11
:1021B0000110D0F8B801000A01994870049800682D
:1021C000039900EB0110D0F8B801000C0199887058
:1021D00004980068039900EB0110D0F8B801000ED4
:1021E0000199C87004980068039900EB0110D0F8B9
:1021F000BC010199087104980068039900EB011073
:10220000D0F8BC01000A019948710498006803994C
:1022100000EB0110D0F8BC01000C01998871049802
:102220000068039900EB0110D0F8BC01000E019981
:10223000C871039838B9FFE704980168C86840F08E
:102240002000C86006E004980168086940F020009A
:102250000861FFE700208DF8170008E00499486A3C
:1022600040F48020486201208DF81700FFE79DF8B8
:10227000170006B07047000080B58AB009900020B2
:1022800008900998006840690790099800684068BC
:102290000690099800688068059009980068C068F1
:1022A00004900998006800690390099800688069A3
:1022B00002909DF81C00C007002800F09480FFE702
:1022C0009DF81400C00758B3FFE709980168012082
:1022D00088609DF814008007002804D5FFE709985E
:1022E00000F062FC1BE09DF814004007002805D5B3
:1022F000FFE7089840F4006008900FE09DF8140094
:102300000007002805D5FFE7089840F480500890A2
:1023100003E0099800F044FCFFE7FFE7FFE7FFE771
:102320009DF81500C00760B3FFE7099801684FF4F6
:10233000807088609DF815008007002804D5FFE7AD
:10234000099800F039FC1BE09DF8150040070028B3
:1023500005D5FFE7089840F4005008900FE09DF87D
:1023600015000007002805D5FFE7089840F48040D5
:10237000089003E0099800F01BFCFFE7FFE7FFE788
:10238000FFE79DF81600C00760B3FFE709980168F2
:102390004FF4803088609DF816008007002804D52F
:1023A000FFE7099800F010FC1BE09DF816004007BD
:1023B000002805D5FFE7089840F4004008900FE09A
:1023C0009DF816000007002805D5FFE7089840F49F
:1023D0008030089003E0099800F0F2FBFFE7FFE788
:1023E000FFE7FFE7FFE79DF81C000007002810D576
:1023F000FFE79DF81000C006002809D5FFE7089800
:1024000040F400700890099801681020C860FFE748
:10241000FFE79DF81C00400700280FD5FFE79DF857
:1024200010000007002808D5FFE709980168082078
:10243000C860099800F0E2FAFFE7FFE79DF81C008A
:10244000800700280BD5FFE709980068C06880075F
:1024500020B1FFE7099800F0D5FAFFE7FFE79DF804
:102460001C004006002810D5FFE79DF80C00C006B0
:10247000002809D5FFE7089840F480600890099883
:10248000016810200861FFE7FFE79DF81C00800647
:1024900000280FD5FFE79DF80C000007002808D59D
:1024A000FFE70998016808200861099800F0EAFA36
:1024B000FFE7FFE79DF81C00C00600280BD5FFE7EB
:1024C000099800680069800720B1FFE7099800F0CB
:1024D000DDFAFFE7FFE79DF81E00800700280FD513
:1024E000FFE79DF81800C006002808D5FFE7099807
:1024F000016810204860099800F008FBFFE7FFE73B
:102500009DF81E00C00778B1FFE79DF8180000078E
:10251000002808D5FFE70998016808204860099855
:1025200000F056FBFFE7FFE79DF81D0000060028BE
:1025300040F18D80FFE79DF818004007002840F12A
:102540008180FFE79DF81D00C00750B1FFE79DF8AF
:102550000800C00728B1FFE7089840F00100089084
:10256000FFE79DF81D00800700280BD5FFE79DF8C9
:1025700008008007002805D5FFE7089840F0020012
:102580000890FFE79DF81D00400700280BD5FFE7E6
:102590009DF808004007002805D5FFE7089840F09F
:1025A00004000890FFE79DF81D000007002848D5AB
:1025B000FFE79DF8080010F0700F42D0FFE7029887
:1025C00000F0700001460191102814D0FFE7019837
:1025D000202815D0FFE70198302816D0FFE7019892
:1025E000402817D0FFE70198502818D0FFE701983E
:1025F000602819D01DE0089840F00800089019E004
:10260000089840F01000089014E0089840F020006E
:1026100008900FE0089840F0400008900AE0089801
:1026200040F08000089005E0089840F48070089021
:1026300000E0FFE709980168886920F07000886170
:10264000FFE7FFE70998016804204860FFE7089862
:1026500048B1FFE7089A0999486A10434862099807
:10266000FFF7FCFCFFE70AB080BD000080B584B036
:102670000290029820B9FFE701208DF80F00E0E0FA
:10268000029890F8200020B9FFE7029800F0DEF8E9
:10269000FFE702980168086840F00100086000F058
:1026A000F3FF0190FFE7029800684068C007A8B9EF
:1026B000FFE700F0E9FF0199401A0B280DD3FFE76F
:1026C0000299486A40F4003048620299052081F876
:1026D000200001208DF80F00B3E0E4E702980168C4
:1026E000086820F00200086000F0CEFF0190FFE7CC
:1026F0000298006840688007002815D5FFE700F0C1
:10270000C3FF0199401A0B280DD3FFE70299486ACD
:1027100040F4003048620299052081F82000012031
:102720008DF80F008DE0E3E70298007E012807D1C5
:10273000FFE702980168086840F08000086006E042
:1027400002980168086820F080000860FFE702989E
:10275000407E012807D1FFE702980168086840F031
:102760004000086006E002980168086820F0400018
:102770000860FFE70298807E012807D1FFE70298F2
:102780000168086840F02000086006E002980168CF
:10279000086820F020000860FFE70298C07E01284A
:1027A00007D1FFE702980168086820F01000086070
:1027B00006E002980168086840F010000860FFE732
:1027C0000298007F012807D1FFE702980168086896
:1027D00040F00800086006E002980168086820F0F0
:1027E00008000860FFE70298407F012807D1FFE753
:1027F00002980168086840F00400086006E002984A
:102800000168086820F004000860FFE7029B19686F
:102810005A689868D3F80CC040EA0C00D3F810C08E
:1028200040EA0C005B691843013A1043C861029901
:1028300000204862029A012182F820108DF80F00D2
:10284000FFE79DF80F0004B080BD000080B594B094
:10285000139000201290119010900F900E901398EA
:10286000006846F20041C4F20001884254D1FFE7FB
:1028700040F63430C2F200000168013101600068A6
:10288000012812D1FFE7FFE700200D9043F640003A
:10289000C4F20200016841F000710160006800F0BC
:1028A00000700D900D98FFE7FFE7FFE700200C9008
:1028B00043F63000C4F20200016841F001010160FA
:1028C000006800F001000C900C98FFE74FF4C05036
:1028D0000E9002200F90002007901090032011907E
:1028E000092012900020C4F202000EA900F0D8FCCA
:1028F000079A142005900521069100F099FF05988C
:1029000000F08CFF0699079A1520089000F090FFC0
:10291000089800F083FF6EE01398006846F6000107
:10292000C4F20001884265D1FFE7FFE700200B9069
:1029300043F64000C4F20200016841F0806101608A
:10294000006800F080600B900B98FFE740F6343091
:10295000C2F200000168013101600068012812D153
:10296000FFE7FFE700200A9043F64000C4F20200B0
:10297000016841F000710160006800F000700A9089
:102980000A98FFE7FFE7FFE70020099043F63000D1
:10299000C4F20200016841F002010160006800F029
:1029A000020009900998FFE760200E9002200F9026
:1029B000002003901090032011900920129040F203
:1029C0000040C4F202000EA900F06AFC039A402005
:1029D00001900521029100F02BFF019800F01EFFED
:1029E0000299039A4120049000F022FF049800F01D
:1029F00015FFFFE7FFE714B080BD000081B0009035
:102A000001B0704770B58EB00D900D98006846F219
:102A10000041C4F2000188421ED1FFE70D98002159
:102A200006AA04ABFFF71EFBA8B9FFE706980799B3
:102A3000089A099BDDF828C00B9C0C9DEE4604AE5D
:102A4000CEF80C60CEF80850CEF80440CEF800C0A6
:102A5000FEF73EFAFFE713E00D98006846F6000126
:102A6000C4F2000188420AD1FFE70D98002106AAAE
:102A700004ABFFF7F7FA08B9FFE7FFE7FFE7FFE767
:102A80000EB070BD81B0009001B0704770B58EB0CF
:102A90000D900D98006846F20041C4F20001884292
:102AA0000AD1FFE70D98012106AA04ABFFF7DAFA75
:102AB00008B9FFE7FFE727E00D98006846F6000138
:102AC000C4F2000188421ED1FFE70D98012106AA39
:102AD00004ABFFF7C7FAA8B9FFE706980799089A69
:102AE000099BDDF828C00B9C0C9DEE4604AECEF889
:102AF0000C60CEF80850CEF80440CEF800C0FEF7C7
:102B00000BFFFFE7FFE7FFE70EB070BD81B000905D
:102B100001B0704780B584B00290029890F8200010
:102B200001282FD1FFE70299022081F820000298A6
:102B30000168086820F00100086000F0A5FD019020
:102B4000FFE7029800684068C007A8B1FFE700F0FF
:102B50009BFD0199401A0B280DD3FFE70299486AA3
:102B600040F4003048620299052081F820000120DD
:102B70008DF80F000FE0E4E70299002048628DF81D
:102B80000F0008E00299486A40F4002048620120E2
:102B90008DF80F00FFE79DF80F0004B080BD000026
:102BA00081B0009001B0704781B0009001B07047D3
:102BB00081B0009001B0704781B0009001B07047C3
:102BC00081B0009001B0704781B0009001B07047B3
:102BD00081B0009001B0704780B584B00290029837
:102BE000806D019000F050FD0090029890F8350043
:102BF00002280DD0FFE7029980204865FFE702997F
:102C0000002081F83400FFE701208DF80F0055E027
:102C100002980168086820F01600086002980168B0
:102C2000486920F0800048610298006C20B9FFE7F5
:102C30000298806C38B1FFE702980168086820F0BC
:102C400008000860FFE702980168086820F00100AA
:102C50000860FFE7029800680068C007C8B1FFE796
:102C600000F012FD0099401A062811D3FFE70299DF
:102C7000202048650299032081F83500FFE702997A
:102C8000002081F83400FFE703208DF80F0015E0E5
:102C9000E0E70298C16D3F20884001998860029961
:102CA000012081F83500FFE70299002081F8340007
:102CB000FFE7FFE700208DF80F00FFE79DF80F000A
:102CC00004B080BD82B00090009890F835000228D2
:102CD00007D0FFE700998020486501208DF80700A4
:102CE0000EE00099052081F8350000980168086819
:102CF00020F001000860FFE700208DF80700FFE7E3
:102D00009DF8070002B0704780B586B0059000209E
:102D1000039040F20000C2F20000006848F2B511D2
:102D2000C1F64E31A0FB0110800A02900598806D1B
:102D3000019001980068049004980599C96DC840F5
:102D4000000700281AD5FFE70598006800684007CB
:102D5000002812D5FFE705980168086820F00400F4
:102D600008600598C16D0820884001998860059920
:102D7000486D40F001004865FFE7FFE704980599BA
:102D8000C96DC840C007A0B1FFE705980068406959
:102D9000000600280CD5FFE70598C16D012088408A
:102DA000019988600599486D40F002004865FFE789
:102DB000FFE704980599C96DC8404007002814D55D
:102DC000FFE7059800680068800700280CD5FFE73A
:102DD0000598C16D04208840019988600599486D67
:102DE00040F004004865FFE7FFE704980599C96DC6
:102DF000C840C006002847D5FFE70598006800686E
:102E0000000700283FD5FFE70598C16D10208840D6
:102E100001998860059800680068400300281AD569
:102E2000FFE70598006800680003002809D4FFE761
:102E30000598006C20B1FFE70598016C8847FFE713
:102E400008E00598806C20B1FFE70598816C884701
:102E5000FFE7FFE716E0059800680068C005002856
:102E600007D4FFE705980168086820F008000860AB
:102E7000FFE70598006C20B1FFE70598016C8847D3
:102E8000FFE7FFE7FFE7FFE704980599C96DC84032
:102E90008006002840F18D80FFE7059800680068F3
:102EA000C006002840F18480FFE70598C16D20200E
:102EB000884001998860059890F83500052834D13C
:102EC000FFE705980168086820F01600086005987B
:102ED0000168486920F0800048610598006C20B9BD
:102EE000FFE70598806C38B1FFE70598016808682E
:102EF00020F008000860FFE70598C16D3F2088407A
:102F0000019988600599012081F83500FFE705994E
:102F1000002081F83400FFE70598006D20B1FFE73D
:102F20000598016D8847FFE77BE005980068006819
:102F3000400300281AD5FFE70598006800680003E1
:102F4000002809D4FFE70598406C20B1FFE70598F9
:102F5000416C8847FFE708E00598C06B20B1FFE7A8
:102F60000598C16B8847FFE7FFE720E005980068F8
:102F70000068C005002811D4FFE7059801680868BB
:102F800020F0100008600599012081F83500FFE766
:102F90000599002081F83400FFE7FFE70598C06B32
:102FA00020B1FFE70598C16B8847FFE7FFE7FFE720
:102FB000FFE70598406DA0B3FFE70598406DC00797
:102FC00030B3FFE70599052081F8350005980168C1
:102FD000086820F001000860FFE7039801300390C3
:102FE0000299884201D9FFE707E0FFE705980068EA
:102FF0000068C0070028F0D1FFE70599012081F89B
:103000003500FFE70599002081F83400FFE7FFE76E
:103010000598C06C20B1FFE70598C16C8847FFE7B1
:10302000FFE706B080BD000080B586B004900020A8
:10303000039000F029FB0290049820B9FFE70120DB
:103040008DF81700A3E00498406A08B1FFE7FFE796
:103050000499022081F83500FFE70499002081F8E7
:103060003400FFE704980168086820F00100086058
:10307000FFE7049800680068C00790B1FFE700F020
:1030800003FB0299401A06280AD3FFE7049920207F
:1030900048650499032081F835008DF8170076E023
:1030A000E7E70498006800680390039848F23F013E
:1030B000CFF2100108400390049900914868D1F8BC
:1030C00008C0CB680A6940EA0C00184310434A69FB
:1030D00010438A691043CA691043096A014303987F
:1030E000084303900498406A042808D1FFE7049934
:1030F000C86A096B0143039808430390FFE70398EC
:10310000049909680860049800684069039003986E
:1031100020F0070003900498416A03980843039045
:103120000498406A04281AD1FFE70498816A03983A
:10313000084303900498C06A80B1FFE70498FEF743
:10314000F3F850B1FFE70499402048650499012045
:1031500081F835008DF8170019E0FFE7FFE70398C5
:103160000499096848610498FEF7B2F80190049840
:10317000C16D3F208840019988600499002048650E
:10318000049A012182F835108DF81700FFE79DF8A9
:10319000170006B080BD000080B588B0069005918C
:1031A0000492039300208DF80B000698806D019027
:1031B000FFE7069890F83400012804D1FFE70220C9
:1031C0008DF81F0045E00699012081F83400FFE7E3
:1031D000FFE7069890F8350001282BD1FFE7069904
:1031E000022081F835000699002048650698059967
:1031F000049A039BFEF710F90698C16D3F208840A2
:103200000199886006980168086840F01600086017
:103210000698006C38B1FFE706980168086840F02E
:1032200008000860FFE706980168086840F00100A0
:10323000086009E0FFE70699002081F83400FFE705
:1032400002208DF80B00FFE79DF80B008DF81F00A2
:10325000FFE79DF81F0008B080BD000080B584B076
:10326000039000F011FA0290039801900198013048
:1032700048B1FFE740F20400C2F200000178019873
:1032800008440190FFE7FFE700F0FEF90299401AB9
:103290000199884201D2FFE7F6E704B080BD000043
:1032A0008EB00D900C9100200A90099008900B9020
:1032B000FFE70B980F2800F2CC81FFE70B99012064
:1032C00088400A900C9800680A990840099009986B
:1032D0000A99884240F0B881FFE70C98406800F0F6
:1032E0000300012807D0FFE70C98406800F00300B6
:1032F00002282FD1FFE70D98806808900B984100B5
:10330000032000FA01F10898884308900C98C068DF
:103310000B99490000FA01F10898084308900898B1
:103320000D9988600D98406808900B99012000FA6B
:1033300001F10898884308900C984068C0F3001089
:103340000B9900FA01F108980843089008980D9924
:103350004860FFE70C98406800F00300032818D08D
:10336000FFE70D98C06808900B984100032000FA11
:1033700001F10898884308900C9880680B994900DF
:1033800000FA01F108980843089008980D99C86060
:10339000FFE70C98406800F00300022826D1FFE701
:1033A0000D980B996FF0030202EA51010844006A7C
:1033B00008900B9800F0070081000F2000FA01F13F
:1033C0000898884308900C9800690B9901F0070150
:1033D000890000FA01F108980843089008980D99AF
:1033E0000B9B02EA530211440862FFE70D98006844
:1033F00008900B984100032000FA01F108988843D7
:1034000008900C98406800F003000B99490000FAFE
:1034100001F108980843089008980D9908600C98E5
:1034200080798007002800F00E81FFE7FFE7002089
:10343000079043F64400C4F20200016841F4804161
:103440000160006800F4804007900798FFE70B9840
:1034500020F0030043F60801C4F20101405808902F
:103460000B9800F0030081000F2000FA01F108988A
:10347000884308900D980021C4F20201884203D1CC
:10348000FFE7002006905EE00D9840F20041C4F294
:103490000201884203D1FFE70120059050E00D981A
:1034A00040F60001C4F20201884203D1FFE7022086
:1034B000049042E00D9840F60041C4F202018842B7
:1034C00003D1FFE70320039034E00D9841F200019F
:1034D000C4F20201884203D1FFE70420029026E0F3
:1034E0000D9841F20041C4F20201884203D1FFE786
:1034F0000520019018E00D9841F60001C4F2020188
:10350000884203D1FFE7062000900AE00D9941F6BA
:103510000042C4F202020820914208BF0720009036
:10352000FFE700980190FFE701980290FFE70298FB
:103530000390FFE703980490FFE704980590FFE7E6
:1035400005980690FFE70698C0B20B9901F00301B9
:10355000890000FA01F108980843089008980B992F
:1035600021F0030143F60802C4F20102885043F639
:103570000840C4F20100006808900999089888433F
:1035800008900C988079C006002805D5FFE70999B6
:10359000089808430890FFE7089843F60841C4F2EA
:1035A0000101086043F60C40C4F201000068089075
:1035B00009990898884308900C988079800600281B
:1035C00005D5FFE70999089808430890FFE7089890
:1035D00043F60C41C4F20101086043F60440C4F212
:1035E00001000068089009990898884308900C9891
:1035F00080798007002805D5FFE7099908980843D6
:103600000890FFE7089843F60441C4F201010860FE
:1036100043F60040C4F20100006808900999089838
:10362000884308900C988079C00728B1FFE7099972
:10363000089808430890FFE7089843F60041C4F251
:1036400001010860FFE7FFE7FFE70B9801300B90EF
:103650002FE60EB07047000082B00190ADF8021066
:103660008DF801209DF8010028B1FFE7BDF80200A8
:103670000199886105E0BDF80200000401998861A4
:10368000FFE702B07047000045F26810C2F2000088
:103690000068704740F20400C2F20000027845F270
:1036A0006811C2F200010868104408607047000009
:1036B00080B543F60041C4F20201086840F400708E
:1036C0000860086840F480600860086840F4807012
:1036D0000860032000F0C6F80F2000F005F800F0A5
:1036E00071F8002080BD000080B58CB00B900020E8
:1036F00005900490FFE70020019043F64400C4F2D7
:103700000200016841F001010160006800F0010061
:1037100001900198FFE706A803A900F0DDF900F089
:103720001DFA4000059005984DF68361C4F21B31E7
:10373000A0FB01014FF0FF3000EB9140049040F6F8
:103740005C60C2F200000021C4F20101016040F29D
:10375000E731C160049941600021016181608161AC
:1037600000F07CFE8DF80B009DF80B0028BBFFE7F6
:1037700040F65C60C2F2000000F00AFF8DF80B001A
:103780009DF80B00C0B9FFE7192000F047F80B982F
:103790000F280CD8FFE70B991920002200F048F8F9
:1037A0000B9840F20801C2F20001086003E001201A
:1037B0008DF80B00FFE7FFE7FFE79DF80B000CB06B
:1037C00080BD000080B582B0FFE70020019043F685
:1037D0004400C4F20200016841F4804101600068C5
:1037E00000F4804001900198FFE7FFE7002000907F
:1037F00043F64000C4F20200016841F080510160CC
:10380000006800F0805000900098FFE76FF0010022
:103810000F21002200F00CF802B080BD80B582B00C
:103820008DF807009DF9070003F0A4F802B080BDF1
:1038300080B586B08DF817000491039200200290A5
:1038400003F0B0F802909DF91700019002980499D6
:10385000039A02F02FF90146019803F0ABF806B085
:1038600080BD000080B582B00190019803F0E6F8B9
:1038700002B080BD80B584B002900191029820B959
:10388000FFE701208DF80F0021E1019843F6004188
:10389000C4F20201096801F00701884212D9FFE76A
:1038A000019943F60040C4F202000170006800F084
:1038B00007000199884204D0FFE701208DF80F002E
:1038C00005E1FFE702980078800700282AD5FFE786
:1038D000029800784007002809D5FFE743F6080161
:1038E000C4F20201086840F4E0500860FFE7029863
:1038F00000780007002809D5FFE743F60801C4F265
:103900000201086840F460400860FFE743F60801E0
:10391000C4F20201086820F0F000029A9268104395
:103920000860FFE702980078C00700286ED0FFE724
:1039300002984068012811D1FFE743F60000C4F265
:103940000200006800F400310020B0EB514F04D1B8
:10395000FFE701208DF80F00B9E02CE002984068E5
:10396000022805D0FFE702984068032811D1FFE73D
:1039700043F60000C4F20200006800F0007100206D
:10398000B0EB516F04D1FFE701208DF80F009EE0EE
:1039900010E043F60000C4F20200006800F00201EB
:1039A0000020B0EB510F04D1FFE701208DF80F008C
:1039B0008DE0FFE7FFE743F60801C4F20201086863
:1039C00020F00300029A526810430860FFF75CFE83
:1039D0000090FFE743F60800C4F20200006800F020
:1039E0000C0002994968B0EB810F0ED0FFE7FFF79A
:1039F0004BFE0099401A41F28931884204D3FFE717
:103A000003208DF80F0062E0E4E7FFE7019843F63A
:103A10000041C4F20201096801F00701884212D294
:103A2000FFE7019943F60040C4F20200017000680C
:103A300000F007000199884204D0FFE701208DF8CB
:103A40000F0044E0FFE702980078400700280CD5FB
:103A5000FFE743F60801C4F20201086820F4E050D1
:103A6000029AD26810430860FFE7029800780007C6
:103A700000280DD5FFE743F60801C4F202010868EB
:103A800020F46040029A126940EAC2000860FFE731
:103A900000F076F843F60801C4F202010968C9B2E1
:103AA0000A0949F61621C0F60001895CC84040F2B7
:103AB0000001C2F20001086040F20800C2F20000FA
:103AC0000068FFF711FE00208DF80F00FFE79DF85A
:103AD0000F0004B080BD000082B0019000910199F8
:103AE0000F20086043F60800C4F20200016801F0EC
:103AF0000301019A5160016801F0F001019A91609F
:103B0000016801F4E051019AD160006800F460405E
:103B1000C0080199086143F60040C4F20200006841
:103B200000F007000099086002B0704740F2000002
:103B3000C2F200000068704780B5FFF7F7FF43F658
:103B40000801C4F202010968C1F3822249F6262164
:103B5000C0F60001895CC84080BD000080B5FFF759
:103B6000E5FF43F60801C4F20201096889B24A0B75
:103B700049F62621C0F60001895CC84080BD0000DE
:103B800080B586B00020059004900390029043F623
:103B90000800C4F20200006800F00C000146019128
:103BA00040B1FFE7019804280AD0FFE701980828F0
:103BB0000CD04FE042F20040C0F2F40002904FE01F
:103BC00047F64000C0F27D10029049E043F6040041
:103BD000C4F20200016801F03F0105910068400253
:103BE000002813D5FFE743F60400C4F20200006882
:103BF000C0F3881047F64001C0F27D11A0FB01011F
:103C0000059A0023FCF730FB049012E043F6040011
:103C1000C4F202000068C0F3881042F20041C0F212
:103C2000F401A0FB0101059A0023FCF71DFB0490A1
:103C3000FFE743F60400C4F20200006800F44031DC
:103C4000022000EBD130039004980399B0FBF1F00F
:103C5000029005E042F20040C0F2F4000290FFE75B
:103C6000029806B080BD000080B586B0049004982C
:103C700020B9FFE701208DF8170050E30498007881
:103C8000C007002800F0A580FFE743F60800C4F253
:103C90000200006800F00C00042813D0FFE743F690
:103CA0000800C4F20200006800F00C0008281ED1D1
:103CB000FFE743F60400C4F2020000684002002857
:103CC00015D5FFE743F60000C4F20200006800F4D7
:103CD00000310020B0EB514F08D0FFE70498406856
:103CE00020B9FFE701208DF8170018E370E0FFE727
:103CF00004984068B0F5803F09D1FFE743F6000122
:103D0000C4F20201086840F48030086020E00498A2
:103D10004068B0F5A02F0DD1FFE743F60001C4F2D3
:103D20000201086840F480200860086840F4803090
:103D300008600CE043F60001C4F20201086820F4B8
:103D400080300860086820F480200860FFE7FFE703
:103D5000FFE704984068E8B1FFE7FFF795FC0390A0
:103D6000FFE743F60000C4F20200006800F40031EF
:103D70000020B0EB514F0CD1FFE7FFF785FC039912
:103D8000401A652804D3FFE703208DF81700C6E228
:103D9000E7E71CE0FFF778FC0390FFE743F600003D
:103DA000C4F20200006800F400310020B0EB514F73
:103DB0000CD0FFE7FFF768FC0399401A652804D38D
:103DC000FFE703208DF81700A9E2E7E7FFE7FFE729
:103DD000FFE7049800788007002840F19680FFE70D
:103DE00043F60800C4F20200006810F00C0F13D074
:103DF000FFE743F60800C4F20200006800F00C0080
:103E000008282CD1FFE743F60400C4F20200006842
:103E10004002002823D4FFE743F60000C4F202006A
:103E2000006800F002010020B0EB510F09D0FFE75D
:103E30000498C068012804D0FFE701208DF817001E
:103E40006DE243F60001C4F20201086820F0F800B8
:103E5000049A126940EAC2000860FFE754E004983F
:103E6000C06870B3FFE70021C4F247210120086059
:103E7000FFF70AFC0390FFE743F60000C4F20200DC
:103E8000006800F002010020B0EB510F0CD1FFE7F9
:103E9000FFF7FAFB0399401A032804D3FFE7032036
:103EA0008DF817003BE2E7E743F60001C4F2020198
:103EB000086820F0F800049A126940EAC20008601D
:103EC00021E00021C4F2472100200860FFF7DCFB5D
:103ED0000390FFE743F60000C4F20200006800F020
:103EE00002010020B0EB510F0CD0FFE7FFF7CCFB35
:103EF0000399401A032804D3FFE703208DF8170025
:103F00000DE2E7E7FFE7FFE7FFE704980078000727
:103F100000284BD5FFE70498406918B3FFE740F647
:103F20008061C4F2472101200860FFF7ADFB0390D8
:103F3000FFE743F67400C4F20200006800F00201DB
:103F40000020B0EB510F0CD1FFE7FFF79DFB039969
:103F5000401A032804D3FFE703208DF81700DEE1A1
:103F6000E7E722E040F68061C4F2472100200860C4
:103F7000FFF78AFB0390FFE743F67400C4F20200E8
:103F8000006800F002010020B0EB510F0CD0FFE7F9
:103F9000FFF77AFB0399401A032804D3FFE70320B5
:103FA0008DF81700BBE1E7E7FFE7FFE7049800782B
:103FB0004007002840F1CE80FFE700208DF8070081
:103FC00043F64000C4F202000068C000002815D487
:103FD000FFE7FFE70020009043F64000C4F2020034
:103FE000016841F080510160006800F0805000904D
:103FF0000098FFE701208DF80700FFE747F2000077
:10400000C4F200000068C005002822D4FFE747F290
:104010000001C4F20001086840F480700860FFF7F6
:1040200033FB0390FFE747F20000C4F20000006892
:10403000C00500280CD4FFE7FFF726FB0399401AC0
:10404000032804D3FFE703208DF8170067E1EAE7B0
:10405000FFE7FFE704988068012809D1FFE743F6EE
:104060007001C4F20201086840F0010008601FE01E
:104070000498806805280DD1FFE743F67001C4F26B
:104080000201086840F004000860086840F0010080
:1040900008600CE043F67001C4F20201086820F0E9
:1040A00001000860086820F004000860FFE7FFE7EF
:1040B000FFE704988068F8B1FFE7FFF7E5FA03909F
:1040C000FFE743F67000C4F20200006800F002014E
:1040D0000020B0EB510F0ED1FFE7FFF7D5FA03999F
:1040E000401A41F28931884204D3FFE703208DF85A
:1040F000170014E1E5E71EE0FFF7C6FA0390FFE7BB
:1041000043F67000C4F20200006800F002010020D3
:10411000B0EB510F0ED0FFE7FFF7B6FA0399401A44
:1041200041F28931884204D3FFE703208DF817005C
:10413000F5E0E5E7FFE79DF80700012809D1FFE773
:1041400043F64001C4F20201086820F08050086084
:10415000FFE7FFE704988069002800F0DC80FFE7B4
:1041600043F60800C4F20200006800F00C000828C2
:1041700000F08580FFE70498806902285CD1FFE7A2
:104180006021C4F2472100200860FFF77DFA039008
:10419000FFE743F60000C4F20200006800F000717F
:1041A0000020B0EB516F0CD0FFE7FFF76DFA0399D9
:1041B000401A032804D3FFE703208DF81700AEE070
:1041C000E7E70499C869D1F820C04B6A8A6A40EAD7
:1041D0000C0040EA8310D2034FF6FF739A43A2F516
:1041E00080321043C96A40EA016043F60401C4F218
:1041F000020108606021C4F2472101200860FFF736
:1042000043FA0390FFE743F60000C4F2020000689F
:1042100000F000710020B0EB516F0CD1FFE7FFF709
:1042200033FA0399401A032804D3FFE703208DF8DB
:10423000170074E0E7E721E06021C4F24721002085
:104240000860FFF721FA0390FFE743F60000C4F28D
:104250000200006800F000710020B0EB516F0CD03C
:10426000FFE7FFF711FA0399401A032804D3FFE789
:1042700003208DF8170052E0E7E7FFE74AE00498D3
:104280008069012804D1FFE701208DF8170046E07E
:1042900043F60400C4F202000068029004988069AA
:1042A000012831D0FFE7029800F480000499C96921
:1042B000884229D1FFE7029800F03F000499096A7B
:1042C000884221D1FFE7029847F6C071084004995F
:1042D000496AB0EB811F17D1FFE7029800F4403024
:1042E0000499896AC9034FF6FF729143A1F58031A1
:1042F000884209D1FFE7029800F070600499C96A0A
:10430000B0EB016F04D0FFE701208DF8170006E045
:10431000FFE7FFE7FFE700208DF81700FFE79DF8B4
:10432000170006B080BD000081B0009001B070475A
:1043300081B0009001B0704785B003900291FFE713
:10434000039890F83C00012804D1FFE702208DF883
:1043500013007EE00399012081F83C00FFE7FFE7AE
:104360000399022081F83D0003980068406801909D
:104370000398006880680090019820F07000019018
:10438000029801680198084301900198039909680F
:104390004860039800680021C4F2010188423CD0C3
:1043A000FFE703980068B0F1804F36D0FFE703982D
:1043B000006840F20041C4F2000188422DD0FFE7BE
:1043C0000398006840F60001C4F20001884224D03E
:1043D000FFE70398006840F60041C4F200018842FC
:1043E0001BD0FFE70398006840F20041C4F20101CE
:1043F000884212D0FFE70398006844F20001C4F23B
:104400000101884209D0FFE70398006841F60001E6
:10441000C4F2000188420ED1FFE7009820F080002E
:104420000090029841680098084300900098039912
:1044300009688860FFE70399012081F83D00FFE7E4
:104440000399002081F83C00FFE700208DF813005D
:10445000FFE79DF8130005B07047000080B582B0FB
:104460000090009820B9FFE701208DF807003FE099
:10447000009890F83D0040B9FFE70099002081F8CE
:104480003C00009800F038F8FFE70099022081F81E
:104490003D00009951F8040B01F036FD0099012010
:1044A00081F84600FFE70099012081F83E0000995D
:1044B00081F83F00009981F84000009981F841009F
:1044C000FFE7FFE70099012081F84200009981F899
:1044D0004300009981F84400009981F84500FFE706
:1044E0000099012081F83D0000208DF80700FFE7CA
:1044F0009DF8070002B080BD80B586B00590059894
:104500000068B0F1804F1BD1FFE7FFE70020049067
:1045100043F64000C4F20200016841F0010101606D
:10452000006800F0010004900498FFE71C2002904E
:1045300005210022FFF77CF90298FFF76FF924E0CC
:104540000598006840F20041C4F2000188421BD186
:10455000FFE7FFE70020039043F64000C4F20200AB
:10456000016841F002010160006800F00200039060
:104570000398FFE71D20019005210022FFF758F95D
:104580000198FFF74BF9FFE7FFE706B080BD000099
:1045900083B00190019890F83D00012804D0FFE716
:1045A00001208DF80B006AE00199022081F83D009E
:1045B00001980168C86840F00100C860019800686F
:1045C0000021C4F2010188423CD0FFE70198006855
:1045D000B0F1804F36D0FFE70198006840F200410B
:1045E000C4F2000188422DD0FFE70198006840F630
:1045F0000001C4F20001884224D0FFE7019800685E
:1046000040F60041C4F2000188421BD0FFE7019848
:10461000006840F20041C4F20101884212D0FFE775
:104620000198006844F20001C4F20101884209D0F7
:10463000FFE70198006841F60001C4F200018842DA
:1046400012D1FFE701980068806800F00700009031
:104650000098062807D0FFE701980168086840F035
:1046600001000860FFE706E001980168086840F073
:1046700001000860FFE700208DF80B00FFE79DF8C0
:104680000B0003B07047000080B586B00490039122
:1046900000208DF80B00FFE7049890F83C000128FB
:1046A00004D1FFE702208DF81700ABE00499012048
:1046B00081F83C00FFE7FFE70499022081F83D0004
:1046C0000498006880680190019820F077000190BC
:1046D000019820F47F40019001980499096888604E
:1046E000039800680090002872D0FFE70098102817
:1046F0006ED0FFE7009820286AD0FFE700983028A6
:1047000066D0FFE70098402855D0FFE70098502872
:1047100037D0FFE70098602840D0FFE70098702866
:104720000BD0FFE70098B0F5805F05D0FFE7009859
:10473000B0F5005F16D052E055E004980068039B86
:104740005A689968DB6801F0B1FC049800688068D9
:104750000190019840F07700019001980499096850
:10476000886040E004980068039B5A689968DB6899
:1047700001F09CFC04980168886840F480408860DF
:1047800031E004980068039A5168D26801F0E8FCAF
:1047900004980068502101F0A3FC24E0049800680C
:1047A000039A5168D26801F003FD04980068602103
:1047B00001F096FC17E004980068039A5168D268EB
:1047C00001F0CEFC04980068402101F089FC0AE069
:1047D000049800680399096801F082FC03E0012055
:1047E0008DF80B00FFE70499012081F83D00FFE7F9
:1047F0000499002081F83C00FFE79DF80B008DF83C
:104800001700FFE79DF8170006B080BD81B000904B
:1048100001B0704780B584B0039003980068C06809
:10482000029003980068006901909DF804008007D9
:10483000002824D5FFE79DF80800800700281DD533
:10484000FFE7039801686FF00200086103990120F7
:104850000877039800688069800720B1FFE7039814
:10486000FFF7D4FF06E0039800F0E2F8039800F0A9
:10487000E3F8FFE7039900200877FFE7FFE79DF8DB
:1048800004004007002825D5FFE79DF808004007F1
:1048900000281ED5FFE7039801686FF00400086147
:1048A00003990220087703980068806910F4407F1C
:1048B00004D0FFE70398FFF7A9FF06E0039800F094
:1048C000B7F8039800F0B8F8FFE7039900200877DD
:1048D000FFE7FFE79DF804000007002824D5FFE765
:1048E0009DF80800000700281DD5FFE70398016820
:1048F0006FF00800086103990420087703980068A6
:10490000C069800720B1FFE70398FFF77FFF06E04B
:10491000039800F08DF8039800F08EF8FFE70399F4
:1049200000200877FFE7FFE79DF80400C006002895
:1049300025D5FFE79DF80800C00600281ED5FFE733
:10494000039801686FF01000086103990820087748
:1049500003980068C06910F4407F04D0FFE7039813
:10496000FFF754FF06E0039800F062F8039800F0A8
:1049700063F8FFE7039900200877FFE7FFE79DF85A
:104980000400C00778B1FFE79DF80800C00748B1F0
:10499000FFE7039801686FF001000861039800F0D9
:1049A0004FF8FFE7FFE79DF804000006002810D548
:1049B000FFE79DF808000006002809D5FFE70398E7
:1049C00001686FF0800008610398FFF7ADFCFFE716
:1049D000FFE79DF804004006002810D5FFE79DF88A
:1049E00008004006002809D5FFE7039801686FF02A
:1049F00040000861039800F037F8FFE7FFE79DF8F3
:104A000004008006002810D5FFE79DF80800800606
:104A1000002809D5FFE7039801686FF020000861BE
:104A20000398FFF785FCFFE7FFE704B080BD0000B7
:104A300081B0009001B0704781B0009001B0704724
:104A400080B582B00190019800680021C4F2010194
:104A5000884203D1FFE7FEF71DFEFFE7019801F052
:104A600055FB02B080BD000081B0009001B07047DE
:104A700080B586B004900391ADF80A20049890F8B0
:104A80004200202848D1FFE7039820B1FFE7BDF896
:104A90000A0020B9FFE701208DF8170040E00499D3
:104AA0000120086304990020486304980399BDF825
:104AB0000A2001F053FE8DF809000498006B0128CC
:104AC00021D1FFE7FFE7002001900498006800680B
:104AD000019004980068406801900198FFE7FFE7A3
:104AE000FFE70498006850E8030F40F010000090C2
:104AF000FFE700990498026842E803100028F0D10B
:104B0000FFE7FFE703E001208DF80900FFE79DF8CC
:104B100009008DF8170003E002208DF81700FFE769
:104B20009DF8170006B080BD80B582B00190ADF849
:104B300002100198006841F20001C4F201018842AC
:104B40000CD1FFE740F63470C2F2000041F25A5136
:104B5000C2F200010122FFF78BFFFFE70198006816
:104B600044F20041C4F2000188420CD1FFE740F654
:104B70007C70C2F2000041F25B51C2F200010522DA
:104B8000FFF776FFFFE702B080BD000081B0009024
:104B900001B0704780B592B011901198006800681C
:104BA000109011980068C0680F90119800684069D3
:104BB0000E9000200D900C90109800F00F000D90BA
:104BC0000D9888B9FFE79DF84000800600280AD5B7
:104BD000FFE79DF83C008006002804D5FFE7119808
:104BE00001F06AFC02E2FFE70D98002800F0C280A5
:104BF000FFE79DF83800C00738B9FFE7BDF83C0073
:104C000010F4907F00F0B680FFE79DF84000C007E9
:104C100058B1FFE79DF83D00C00730B1FFE711999B
:104C2000486C40F001004864FFE79DF840004007F1
:104C300000280BD5FFE79DF83800C00730B1FFE72B
:104C40001199486C40F002004864FFE79DF840006D
:104C5000800700280BD5FFE79DF83800C00730B16A
:104C6000FFE71199486C40F004004864FFE79DF8A5
:104C700040000007002811D5FFE79DF83C008006A2
:104C8000002805D4FFE79DF83800C00730B1FFE7E2
:104C90001199486C40F008004864FFE71198406C97
:104CA000002866D0FFE79DF84000800600280AD55E
:104CB000FFE79DF83C008006002804D5FFE7119827
:104CC00001F0FAFBFFE7119800684069C0F380101B
:104CD0000C901198406C0007002804D4FFE70C9852
:104CE00000283ED0FFE7119801F06CFB1198006896
:104CF0004069400600282FD5FFE7FFE7FFE711983E
:104D0000006850E8050F20F040000B90FFE70B997A
:104D10001198026842E805100028F0D1FFE7FFE78C
:104D20001198C06B98B1FFE71198C16B46F205204E
:104D3000C0F6000008651198C06BFDF7C3FF28B1ED
:104D4000FFE71198C06B016D8847FFE703E01198FA
:104D5000FFF71CFFFFE703E01198FFF717FFFFE7DE
:104D600006E01198FFF712FF119900204864FFE751
:104D7000FFE73BE11198006B012840F01781FFE746
:104D80009DF84000C006002840F11081FFE79DF823
:104D90003C00C006002840F10981FFE7FFE7002042
:104DA0000A901198006800680A901198006840689D
:104DB0000A900A98FFE711980068406940060028A9
:104DC00040F19A80FFE71198C06B00684068ADF829
:104DD0002600BDF82600002875D0FFE7BDF82600A4
:104DE0001199898D88426EDAFFE7BDF82600119986
:104DF000C8851198C06BC069B0F5807F58D0FFE7B7
:104E0000FFE7FFE71198006850E8030F20F4807077
:104E10000890FFE708991198026842E803100028FB
:104E2000F0D1FFE7FFE7FFE7FFE71198006850E8E0
:104E3000050F20F001000790FFE70799119802681D
:104E400042E805100028F0D1FFE7FFE7FFE7FFE7A2
:104E50001198006850E8050F20F040000690FFE729
:104E600006991198026842E805100028F0D1FFE782
:104E7000FFE71199202081F8420011990020086372
:104E8000FFE7FFE71198006850E8030F20F01000DB
:104E90000590FFE705991198026842E80310002881
:104EA000F0D1FFE7FFE71198C06BFDF795FEFFE734
:104EB0001199022048631198818DC28D891A89B297
:104EC000FFF732FE17E0BDF826001199898D884260
:104ED00010D1FFE71198C06BC069B0F5807F08D191
:104EE000FFE71199022048631198818DFFF71CFE9E
:104EF000FFE7FFE7FFE779E01199888DC98D401A38
:104F0000ADF812001198C08D00284ED0FFE7BDF813
:104F10001200002849D0FFE7FFE7FFE7119800687B
:104F200050E8030F20F490700390FFE70399119865
:104F3000026842E803100028F0D1FFE7FFE7FFE72F
:104F4000FFE71198006850E8050F20F0010002907B
:104F5000FFE702991198026842E805100028F0D195
:104F6000FFE7FFE71199202081F842001199002006
:104F70000863FFE7FFE71198006850E8030F20F08F
:104F800010000190FFE701991198026842E80310B0
:104F90000028F0D1FFE7FFE711990220486311983C
:104FA000BDF81210FFF7C0FDFFE71FE09DF84000BD
:104FB000000600280AD5FFE79DF83C0000060028FF
:104FC00004D5FFE7119801F079FC0FE09DF840004F
:104FD000400600280AD5FFE79DF83C00400600285F
:104FE00004D5FFE7119801F037FAFFE712B080BD52
:104FF00080B582B00090009820B9FFE701208DF8BD
:10500000070040E00098806908B1FFE700E0FFE793
:10501000009890F8410040B9FFE70099002081F81E
:105020004000009800F034F8FFE70099242081F850
:10503000410000980168C86820F40050C8600098DA
:1050400001F0EEFA00980168086920F490400861C8
:1050500000980168486920F02A00486100980168BA
:10506000C86840F40050C860009900204864009A65
:10507000202182F84110009A82F84210009948637A
:105080008DF80700FFE79DF8070002B080BD000023
:1050900080B59EB01D9000201C901B901A90199016
:1050A00018901D98006841F20001C4F20101884285
:1050B00040F0AC80FFE7FFE70020179043F6440084
:1050C000C4F20200016841F010010160006800F0C4
:1050D000100017901798FFE7FFE70020169043F69F
:1050E0003000C4F20200016841F001010160006873
:1050F00000F0010016901698FFE74FF4007018902A
:1051000002200C901990002012901A9003200D900C
:105110001B9007200E901C900020C4F202000F90FC
:1051200018A91091FEF7BCF8DDF830C00D9B0E9A5F
:105130000F9810994FF4806ECDF844E0CDF860E000
:10514000CDF864C04FF0010CCDF868C01B931C92E1
:10515000FEF7A6F8119A129940F6DC40C2F2000060
:10516000139046F24043C4F2020303604FF0006321
:1051700043608160C160026141618161C16101621E
:105180004162FDF751FF18B1FFE7FCF79BFAFFE71B
:10519000FFE71D9840F6DC41C2F20001C1631D9893
:1051A0008863FFE740F63C50C2F200000B9046F2E5
:1051B000B841C4F2020101604FF00061416040213A
:1051C00081600021C1604FF48062026141618161B0
:1051D000C16101624162FDF727FF18B1FFE7FCF7EB
:1051E00071FAFFE7FFE71D9840F63C51C2F200015B
:1051F00081631D988863FFE725200A90052100221E
:10520000FEF716FB0A98FEF709FBB3E01D9800684D
:1052100044F20041C4F20001884240F0AA80FFE756
:10522000FFE70020159043F64000C4F20200016839
:1052300041F400310160006800F4003015901598C9
:10524000FFE7FFE70020149043F63000C4F20200AD
:10525000016841F001010160006800F00100149054
:105260001498FFE704201890022003901990002062
:1052700008901A90032004901B90072005901C9022
:105280000020C4F20200069018A90791FEF708F862
:10529000DDF80CC0049B059A069807994FF0080E9C
:1052A000CDF860E0CDF864C04FF0010CCDF868C0D7
:1052B0001B931C92FDF7F4FF089940F69C50C2F234
:1052C0000000099046F28802C4F2020202604FF028
:1052D000006242608160C1604FF48062026141619E
:1052E0008161C16101624162FDF79EFE18B1FFE775
:1052F000FCF7E8F9FFE7FFE71D9840F69C51C2F282
:105300000001C1631D988863FFE740F6FC50C2F2BC
:105310000000029046F2A001C4F2020101604FF0C9
:1053200000614160402181600021C1604FF48062D2
:10533000026141618161C16101624162FDF774FEF8
:1053400018B1FFE7FCF7BEF9FFE7FFE71D9840F64D
:10535000FC51C2F2000181631D988863FFE726209B
:10536000019005210022FEF763FA0198FEF756FA34
:10537000FFE7FFE71EB080BD80B584B002900191C9
:10538000ADF80220029890F84200202817D1FFE7DC
:10539000019820B1FFE7BDF8020020B9FFE7012026
:1053A0008DF80F000FE00299002008630298019920
:1053B000BDF8022001F0D2F98DF80F0003E00220C1
:1053C0008DF80F00FFE79DF80F0004B080BD0000CE
:1053D00080B582B001900198006841F20001C4F2EA
:1053E0000101884211D1FFE741F25A50C2F2000098
:1053F00000900078FCF738F8009940F63470C2F25B
:1054000000000122FFF7B8FFFFE70198006844F2AF
:105410000041C4F2000188420CD1FFE740F67C70E5
:10542000C2F2000041F25B51C2F200010522FFF717
:10543000A3FFFFE702B080BD81B0009001B07047CC
:1054400081B0009001B07047FFE7FEE780B582B001
:105450000190FFE700F002F8FCE7000080B588B09B
:105460000020C4F202000690102100910122039254
:10547000FEF7F2F8C820079001F04AFB0099069861
:1054800000220592FEF7E8F8079801F041FB039A25
:10549000069820210191FEF7DFF8079801F038FB0C
:1054A0000199059A0698FEF7D7F8079801F030FBA6
:1054B000039A069840210291FEF7CEF8079801F072
:1054C00027FB0299059A0698FEF7C6F8079801F09F
:1054D0001FFB039A069880210491FEF7BDF80798F8
:1054E00001F016FB0499059A0698FEF7B5F807989F
:1054F00001F00EFB08B080BD80B58EB040F68C4048
:10550000C2F20000019046F20041C4F200010160C5
:105510000321416000218160C1604FF400220261DB
:105520004FF4401242610176012242768276C276C1
:1055300001774177FDF79AF818B1FFE7FCF7C2F859
:10554000FFE701210C910E200D90002009900B9097
:105550000A91089044F2A000049044F2C000069022
:1055600044F2E00005904FF48240079040F68C40F2
:10557000C2F2000004A9FCF7A1FC18B1FFE7FCF798
:10558000A1F8FFE701200C900E210D9109900B90DE
:1055900000210A91089041F60C00C0F60800039023
:1055A0004FF60400CFF6FF700290BDF80E00049095
:1055B000BDF80A000690039805900298079040F6FF
:1055C0008C40C2F2000004A9FCF778FC18B1FFE798
:1055D000FCF778F8FFE740F68C40C2F20000FDF7D8
:1055E00099FA18B1FFE7FCF76DF8FFE740F68C4039
:1055F000C2F200000221FCF78BFB18B1FFE7FCF7B9
:1056000061F8FFE740F68C40C2F200001021FCF781
:105610007FFB18B1FFE7FCF755F8FFE70EB080BD40
:1056200080B58EB040F6B440C2F20000019046F65C
:105630000001C4F20001016003214160002181608A
:10564000C1604FF4002202614FF4401242610176C2
:10565000012242768276C27601774177FDF706F81D
:1056600018B1FFE7FCF72EF8FFE701210C910E209F
:105670000D90099000200B900A91089044F2A00030
:10568000049044F2C000069044F2E00005904FF40C
:105690008240079040F6B440C2F2000004A9FCF733
:1056A0000DFC18B1FFE7FCF70DF8FFE701200C90A7
:1056B0000E210D910F2109910B9000210A91089064
:1056C00041F60C00C0F6080003904FF60400CFF638
:1056D000FF700290BDF80E000490BDF80A0006901D
:1056E000039805900298079040F6B440C2F200007B
:1056F00004A9FCF7E3FB18B1FFE7FBF7E3FFFFE7C3
:1057000040F6B440C2F20000FDF704FA18B1FFE71A
:10571000FBF7D8FFFFE740F6B440C2F200000221D9
:10572000FCF7F6FA18B1FFE7FBF7CCFFFFE740F60E
:10573000B440C2F200001021FCF7EAFA18B1FFE70A
:10574000FBF7C0FFFFE70EB080BD000080B588B05A
:10575000FFE70020079043F63000C4F20200016822
:1057600041F480010160006800F480000790079810
:10577000FFE7FFE70020069043F63000C4F2020086
:10578000016841F400110160006800F40010069007
:105790000698FFE710200090052103910022049253
:1057A000FEF746F80098FEF739F80399049A11209D
:1057B0000190FEF73DF80198FEF730F80399049A3E
:1057C0003A200290FEF734F80298FEF727F8039982
:1057D000049A46200590FEF72BF80598FEF71EF870
:1057E00008B080BD80B582B045F24D40C0F60000E3
:1057F00049F68022C0F600020021019101F0F0F983
:10580000019940F63C32C2F20002106040F2215091
:10581000C0F6000049F63022C0F6000201F0E0F9BF
:10582000019940F27402C2F20002106041F6F140A8
:10583000C0F6000049F65C22C0F6000201F0D0F983
:1058400040F63031C2F20001086002B080BD0000B5
:1058500080B58CB000200B900A90099008900790BA
:10586000FFE70020069043F63000C4F20200016812
:1058700041F080010160006800F080000690069809
:10588000FFE7FFE70020059043F63000C4F2020076
:10589000016841F001010160006800F0010005901D
:1058A0000598FFE7FFE70020049043F63000C4F2BC
:1058B0000200016841F002010160006800F002008E
:1058C00004900498FFE70020C4F20200039048F21D
:1058D000F001019100220292FDF7BEFE019A0299A9
:1058E0000398079201220892022209920A9107A9BD
:1058F000FDF7D6FC0CB080BD80B588B000210191C9
:1059000007910691059104910391029140F6A460DC
:10591000C2F200004FF08042026053224260816078
:1059200040F2E732C26001618161FEF797FD18B174
:10593000FFE7FBF7C7FEFFE74FF48050049040F607
:10594000A460C2F2000004A9FEF79EFE18B1FFE7B2
:10595000FBF7B8FEFFE700200290039040F6A4603A
:10596000C2F2000002A9FEF7E7FC18B1FFE7FBF75F
:10597000A9FEFFE740F6A460C2F20000FEF708FEB1
:1059800018B1FFE7FBF79EFEFFE708B080BD0000FF
:1059900080B588B00021019107910691059104918D
:1059A0000391029140F6EC60C2F2000040F2004226
:1059B000C4F20002026053224260816040F2E7328A
:1059C000C26001618161FEF749FD18B1FFE7FBF795
:1059D00079FEFFE74FF48050049040F6EC60C2F28D
:1059E000000004A9FEF750FE18B1FFE7FBF76AFEBE
:1059F000FFE700200290039040F6EC60C2F2000046
:105A000002A9FEF799FC18B1FFE7FBF75BFEFFE781
:105A100040F6EC60C2F20000FEF7BAFD18B1FFE7F5
:105A2000FBF750FEFFE708B080BD000080B582B0F4
:105A300040F63470C2F20000019041F20001C4F25D
:105A4000010101604FF4E131416000218160C160DA
:105A500001610C2242618161C161FFF7C9FA18B18D
:105A6000FFE7FBF72FFEFFE702B080BD80B582B0F5
:105A700040F67C70C2F20000019044F20041C4F292
:105A8000000101604FF4E131416000218160C1609B
:105A900001610C2242618161C161FFF7A9FA18B16D
:105AA000FFE7FBF70FFEFFE702B080BDFFE7FEE771
:105AB000FFE7FEE788B0079006910592079800F08F
:105AC000070004900498C0F10700052803D3FFE7FE
:105AD0000420019004E00498C0F107000190FFE762
:105AE0000198039004980430062803D8FFE70020AB
:105AF000009003E0049803380090FFE700980290BC
:105B000006980399012202FA01F101390840029B2B
:105B1000984005999A40013A1140084308B07047EF
:105B200085B00490049890ED000A90ED011A30EED3
:105B3000410A80ED050A049890ED050AB5EE400A89
:105B4000F1EE10FA06DDFFE7049890ED050A8DED01
:105B5000030A07E0049890ED050AB1EE400A8DEDC6
:105B6000030AFFE79DED030A049890ED0A1AB4EECC
:105B7000410AF1EE10FA04DAFFE7049900204861C7
:105B8000FFE7049890F834000146029168B3FFE7FC
:105B90000298012840F08F80FFE7049890ED021AE8
:105BA00090ED034A90ED040A90ED052A90ED063A37
:105BB00032EE435A24EE024A21EE051A31EE041A5F
:105BC00033EE033A32EE432A90ED073A32EE032ADF
:105BD00020EE020A30EE010A80ED0C0A0499886971
:105BE000C86104994869886166E0049890ED051AD7
:105BF00090ED080A30EE010A80ED080A049890ED55
:105C0000080AB5EE400AF1EE10FA06DDFFE7049847
:105C100090ED080A8DED010A07E0049890ED080A5E
:105C2000B1EE400A8DED010AFFE79DED010A0498EF
:105C300090ED091AB4EE410AF1EE10FA16DDFFE715
:105C4000049890ED080A90ED091A4FF0FF31B5EE77
:105C5000400AF1EE10FAC8BF012100EE101AB8EEAA
:105C6000C00A20EE010A80ED080AFFE704980090C0
:105C700090ED054A90ED085A90ED013A90ED020A38
:105C800090ED032A90ED041A22EE052A20EE040A74
:105C900030EE020A90ED0B2A32EE432A21EE021A70
:105CA00030EE010A80ED0C0A049948698861049974
:105CB0004868C86200E0FFE7049890ED0C0A05B060
:105CC0007047000080B586B002AA00920246009894
:105CD000059280ED020AC0ED010A80ED001A8DF8F0
:105CE000071004980599886003980599C860029880
:105CF000059908619DF80700059981F83400059918
:105D000044F20000C4F21C604862059900208862D9
:105D1000059800F003F806B080BD000081B0009047
:105D200000990020C8610099886100994861009934
:105D300008620099086300994868C86201B070471A
:105D4000EFF30980BFF36F8F154B1A681EF0100F29
:105D500008BF20ED108A20E9F04F10602DE90900FE
:105D60004FF0500080F31188BFF34F8FBFF36F8F58
:105D700002F01CFD4FF0000080F31188BDE809001F
:105D800019680868B0E8F04F1EF0100F08BFB0ECBB
:105D9000108A80F30988BFF36F8F704700BF00BF80
:105DA000B81000200000000000000000000000000B
:105DB000074B19680868B0E8F04F80F30988BFF313
:105DC0006F8F4FF0000080F31188704700BF00BF55
:105DD000B810002080B56FF00400002100F00CFE28
:105DE00080BD000080B54EF21000CEF200000068C9
:105DF00003F0B8FA012803D0FFE702F0E7FDFFE760
:105E000080BD000080B594B008A83021FAF7F1FAFF
:105E1000002007900690059004900390FFE7002073
:105E2000029043F64000C4F20200016841F0805144
:105E30000160006800F0805002900298FFE7FFE7E1
:105E40000020019047F20000C4F20000016841F414
:105E500080410160006800F4804001900198FFE7F4
:105E6000012008904FF48030099002200E904FF4EA
:105E700080010F91192110914FF4A8711191129086
:105E80000420139008A8FDF7EFFE18B1FFE7FBF719
:105E900019FCFFE70F2003900220049000200590DA
:105EA0004FF4A05006904FF48050079003A80521AE
:105EB000FDF7E0FC18B1FFE7FBF704FCFFE714B0C7
:105EC00080BD00004EF68851CEF20001086840F413
:105ED000700008607047000080B540F65C60C2F258
:105EE0000000FEF797FC80BD80B540F6A460C2F2CA
:105EF0000000FEF78FFC80BD80B540F6EC60C2F27A
:105F00000000FEF787FC80BD83B0029001910298EB
:105F10000068009002980021C4F20101884225D057
:105F2000FFE70298B0F1804F20D0FFE7029840F2DF
:105F30000041C4F20001884218D0FFE7029840F601
:105F40000001C4F20001884210D0FFE7029840F639
:105F50000041C4F20001884208D0FFE7029840F2F5
:105F60000041C4F2010188420AD1FFE7009820F005
:105F70007000009001984168009808430090FFE786
:105F800002980021C4F20101884255D0FFE702982F
:105F9000B0F1804F50D0FFE7029840F20041C4F2C8
:105FA0000001884248D0FFE7029840F60001C4F2A1
:105FB0000001884240D0FFE7029840F60041C4F259
:105FC0000001884238D0FFE7029840F20041C4F255
:105FD0000101884230D0FFE7029844F20001C4F288
:105FE0000101884228D0FFE7029844F20041C4F240
:105FF0000101884220D0FFE7029844F60001C4F274
:106000000101884218D0FFE7029841F60001C4F26E
:106010000001884210D0FFE7029841F60041C4F227
:106020000001884208D0FFE7029842F20001C4F262
:10603000000188420AD1FFE7009820F440700090E8
:106040000198C168009808430090FFE7009820F08D
:10605000800001994969084300900198806802997D
:10606000C862019800680299886202980021C4F20F
:106070000101884208D0FFE7029840F20041C4F2D3
:106080000101884205D1FFE7019800690299086380
:10609000FFE70299086840F00400086002990120B7
:1060A000486100980299086003B0704785B0049079
:1060B000039102920193049880680090009820F464
:1060C0007F40009003980299019A41EA022101431E
:1060D00000980843009000980499886005B07047C4
:1060E00083B002900191029880680090009820F09F
:1060F0007000009001980099084340F0070000905C
:1061000000980299886003B07047000080B582B0A3
:10611000019001980068B0F1804F15D1FFE7FAF7C0
:10612000FBFB40F68041C2F20001087801300870A4
:10613000C0B2052807DBFFE740F68041C2F200014C
:1061400000200870FFE7FFE70198006840F2004177
:10615000C4F20001884201D1FFE7FFE702B080BD31
:1061600085B00490039102920498006A009004990B
:10617000086A20F001000862049880690190019883
:1061800020F0F00001900299019840EA011001907E
:10619000009820F00A0000900399009808430090AE
:1061A00001980499886100980499086205B07047C5
:1061B00085B00490039102920498006A00900499BB
:1061C000086A20F010000862049880690190019824
:1061D00020F4704001900299019840EA013001904A
:1061E000009820F0A00000900399009840EA011068
:1061F000009001980499886100980499086205B09C
:106200007047000080B582B001900198806B0090CB
:1062100000990020C8850098FEF7B8FC02B080BD48
:1062200080B584B00390002002900398806B0190A9
:10623000019800684069C0B2C0090290019890F8C6
:10624000410021280AD1FFE7029838B1FFE7019900
:106250000020C884019800F013F9FFE70198006856
:106260004069C0F380100290019890F84200222803
:106270000AD1FFE7029838B1FFE701990020C885ED
:10628000019800F09FF8FFE70199486C40F010007A
:1062900048640198FEF77AFC04B080BD80B586B0F2
:1062A00005900598806B0490059800680068C0050B
:1062B00000285AD4FFE704990020C885FFE7FFE7CC
:1062C0000498006850E8030F20F480700390FFE703
:1062D00003990498026842E803100028F0D1FFE710
:1062E000FFE7FFE7FFE70498006850E8050F20F09C
:1062F00001000290FFE702990498026842E8051045
:106300000028F0D1FFE7FFE7FFE7FFE70498006808
:1063100050E8050F20F040000190FFE70199049834
:10632000026842E805100028F0D1FFE7FFE7049972
:10633000202081F842000498006B012814D1FFE767
:10634000FFE7FFE70498006850E8030F20F0100013
:106350000090FFE700990498026842E803100028C3
:10636000F0D1FFE7FFE7FFE7FFE70499002048636C
:106370000498006B012805D1FFE70498818DFEF792
:10638000D3FB03E00498FFF723F8FFE706B080BDD6
:1063900080B582B001900198806B00900099012037
:1063A00048630098006B012806D1FFE70098818DB3
:1063B0004908FEF7B9FB03E00098FFF73DF8FFE757
:1063C00002B080BD84B00390FFE7FFE70398006848
:1063D00050E8030F20F490700290FFE702990398B1
:1063E000026842E803100028F0D1FFE7FFE7FFE76B
:1063F000FFE70398006850E8050F20F001000190C6
:10640000FFE701990398026842E805100028F0D1DF
:10641000FFE7FFE70398006B012814D1FFE7FFE7D0
:10642000FFE70398006850E8030F20F01000009089
:10643000FFE700990398026842E803100028F0D1B2
:10644000FFE7FFE7FFE70399202081F84200039967
:106450000020086304B0704780B582B001900198B5
:106460000168C86820F04000C8600199202081F8C8
:1064700041000198FEF7E4FF002002B080BD00005B
:1064800082B00190FFE7FFE70198006850E8030F32
:1064900020F0C0000090FFE700990198026842E8F0
:1064A00003100028F0D1FFE7FFE70199202081F8D1
:1064B000410002B07047000080B586B00490002013
:1064C00003900290049890F84200222840F0A080A7
:1064D000FFE704988068B0F5805F13D1FFE7049868
:1064E000006978B9FFE70498806A02900498006810
:1064F00040686FF35F20029908800499886A02302F
:10650000886223E00498806A039004988068B0F55C
:10651000805F08D0FFE70498806850B9FFE70498CF
:10652000006930B9FFE70498006840680399087073
:1065300007E004980068406800F07F000399087045
:10654000FFE70499886A01308862FFE70499C88DE3
:106550000138C8850004002856D1FFE70498016877
:10656000C86820F02000C86004980168C86820F45A
:106570008070C86004980168486920F00100486193
:106580000499202081F8420004990020486304986F
:10659000006B012830D1FFE7049900200863FFE772
:1065A000FFE70498006850E8030F20F01000019006
:1065B000FFE701990498026842E803100028F0D12F
:1065C000FFE7FFE7049800680068C00600280ED5C2
:1065D000FFE7FFE700200090049800680068009043
:1065E00004980068406800900098FFE7FFE704986F
:1065F000818DFEF799FA03E00498FEF7E9FEFFE7C4
:1066000000208DF8170007E000208DF8170003E048
:1066100002208DF81700FFE79DF8170006B080BD37
:1066200080B586B0059005980068006920F4405058
:10663000059A1168D26810430861059988680B694A
:106640004A69C969184310430843049005980068D3
:10665000C06849F20C6188430499084305990968A8
:10666000C86005980068406920F44070059A116878
:106670009269104348610598006841F20001C4F234
:106680000101884209D0FFE70598006841F2004106
:10669000C4F20101884204D1FFE7FDF75FFA0390DD
:1066A00003E0FDF749FA0390FFE70598C069B0F5EC
:1066B000004F29D1FFE703981921A0FB0101059A9A
:1066C0001368029353685A00DB0FF9F7CDFD029966
:1066D000864648F21F53C5F2EB13AEFB0320420976
:1066E00010014FF0640C02FB1CEC322202EBCC02D6
:1066F000A2FB0332F82303EA521300EB4300C2F378
:1067000042121044886026E003981921A0FB010181
:10671000059A1368019353689A009B0FF9F7A4FD3B
:106720000199844648F21F52C5F2EB12ACFB0230CD
:106730004309642003FB10CC322000EB0C10A0FBBB
:106740000202F02000EA521000EB0310C2F34312E1
:1067500010448860FFE706B080BD000080B58AB0B5
:1067600008900791ADF81A20079808998862BDF83B
:106770001A0008998885089900204864089A2221FF
:1067800082F842100899CA6B46F29D21C0F60001BA
:10679000D1630899CA6B46F29131C0F600011164C9
:1067A0000899CA6B46F22121C0F60001D16408990C
:1067B000C96B086507A8059008980168C06B04318B
:1067C000059A1268BDF81A30FCF7E6FC58B1FFE7ED
:1067D0000899102048640899202081F8420001207F
:1067E0008DF827004EE0FFE700200490089800682D
:1067F0000068049008980068406804900498FFE7D7
:1068000008980069A0B1FFE7FFE7FFE70898006874
:1068100050E8030F40F480700390FFE70399089855
:10682000026842E803100028F0D1FFE7FFE7FFE726
:10683000FFE7FFE70898006850E8050F40F0010007
:106840000290FFE702990898026842E805100028C4
:10685000F0D1FFE7FFE7FFE7FFE70898006850E89F
:10686000050F40F040000190FFE701990898026889
:1068700042E805100028F0D1FFE7FFE700208DF87F
:106880002700FFE79DF827000AB080BD80B540F6DD
:106890003470C2F2000041F25A51C2F200010122EA
:1068A000FEF76AFD40F67C70C2F2000041F25B51D7
:1068B000C2F200010522FEF7DBF880BD83B0019033
:1068C000019890F8410021283AD1FFE701988068AB
:1068D000B0F5805F13D1FFE70198006978B9FFE751
:1068E0000198006A0090009800886FF35F2001997A
:1068F000096848600199086A0230086208E0019A54
:10690000106A411C11620078019909684860FFE72C
:106910000199C88C0138C884000468B9FFE7019860
:106920000168C86820F08000C86001980168C868E4
:1069300040F04000C860FFE700208DF80B0003E046
:1069400002208DF80B00FFE79DF80B0003B07047A5
:1069500080B540F63470C2F20000FEF71BF980BD2E
:1069600080B540F67C70C2F20000FEF713F980BDDE
:10697000FFE7FEE781B08DF803009DF903000028D2
:106980000ED4FFE79DF9031001F01F020120904093
:106990004A094EF20011CEF2000141F82200FFE751
:1069A00001B070474EF60C50CEF200000068C0F304
:1069B0000220704782B08DF8070000919DF9070012
:1069C00000280AD4FFE7009800019DF907104EF255
:1069D0000042CEF2000288540BE0009800019DF8BE
:1069E000071001F00F014EF61452CEF20002885447
:1069F000FFE702B07047000082B08DF807000091F9
:106A00009DF9070000280AD4FFE7009800019DF9CE
:106A100007104EF20042CEF2000288540BE00098BC
:106A200000019DF8071001F00F014EF61452CEF24E
:106A300000028854FFE702B07047000083B0029064
:106A4000029800F0070000904EF60C51CEF20001C3
:106A50000868019001984FF6FF02104001900198DC
:106A6000009A40EA02200022C0F2FA52104301903C
:106A70000198086003B07047BFF34F8F4EF60C517A
:106A8000CEF20001086800F4E0600422C0F2FA527D
:106A900010430860BFF34F8FFFE700BFFDE7000022
:106AA00081B08DF803009DF80300002818BF012075
:106AB00001B0704780B582B000200190FCF7F8FD6E
:106AC000FFF7A0F9FEF7C4FEFEF740FEFEF714FF45
:106AD000FEF75EFFFEF7AAFFFEF70EFDFEF7C6FF0C
:106AE000FEF79EFDF9F750FDF9F7AEFDFFF7CEFE7C
:106AF000032001F003FAF9F7BBFFFBF70BF800F0F6
:106B000021F8FEF76FFE00F041F8FFE7FEE7000016
:106B100080B584B00290EFF305800390039820B114
:106B2000FFE76FF00500019009E000200190029856
:106B300020B1FFE7029801F023FDFFE7FFE701988E
:106B400004B080BD82B0EFF305800190019820B1C0
:106B5000FFE76FF00500009014E040F63830C2F215
:106B60000000006848B9FFE740F63831C2F2000182
:106B7000012008600020009003E04FF0FF300090FB
:106B8000FFE7FFE7009802B07047000080B582B0D1
:106B9000EFF305800190019820B1FFE76FF0050049
:106BA000009019E040F63830C2F200000068012879
:106BB0000DD1FFE7FFF70EF940F63831C2F20001C0
:106BC0000220086001F07AFD0020009003E04FF001
:106BD000FF300090FFE7FFE7009802B080BD0000A3
:106BE000B0B58EB00B900A91099200200690EFF399
:106BF00005800D900D98002840F09980FFE70B98D4
:106C0000002800F09480FFE780200790182005906E
:106C1000002008904FF0FF300490099800284DD0D4
:106C2000FFE70998006820B1FFE70998006808901D
:106C3000FFE70998806920B1FFE70998806905900E
:106C4000FFE7059848B1FFE70598382805D8FFE722
:106C500009980079C00718B1FFE700200C9069E09F
:106C60000998406928B1FFE70998406980080790B2
:106C7000FFE70998806880B1FFE70998C0685C2841
:106C80000BD3FFE70998006938B1FFE7099840691D
:106C900018B1FFE7012004900FE00998806858B907
:106CA000FFE70998C06838B9FFE70998006918B983
:106CB000FFE700200490FFE7FFE702E000200490D8
:106CC000FFE70498012817D1FFE70B980899079A66
:106CD0000A9BDDF814C0DDF824E0DEF80850DEF889
:106CE0001040EE46CEF80850CEF80440CEF800C072
:106CF00002F0D0FA069019E00498B0B9FFE70B98BB
:106D00000899BDF81C200A9BDDF814C0EE4606ACBD
:106D1000CEF80440CEF800C002F06CFA012803D08F
:106D2000FFE700200690FFE7FFE7FFE7FFE7069891
:106D30000C90FFE70C980EB0B0BD000080B584B099
:106D40000390029145F63410C2F2000000680090F2
:106D500041F2B800C2F200000068043001F0C8F946
:106D600008B9FFE700E0FFE70398013080B9FFE7CB
:106D7000029868B1FFE741F2B800C2F20000006873
:106D8000011D45F60C10C2F2000001F057FA3DE07B
:106D90000098039908440190019841F2B801C2F2A9
:106DA0000001096848600198009988420ED2FFE707
:106DB00041F2C800C2F20000006841F2B801C2F21C
:106DC00000010968043101F003FA1EE041F2C0003D
:106DD000C2F20000006841F2B801C2F20001096885
:106DE000043101F0F5F9019845F69801C2F200016D
:106DF0000968884207D2FFE7019845F69801C2F278
:106E00000001086000E0FFE7FFE7FFE704B080BD96
:106E100080B582B0019001F039FA45F26C11C2F2EE
:106E2000000108680130086041F2B800C2F20000B9
:106E3000006898B9FFE7019841F2B801C2F2000179
:106E4000086045F26C10C2F200000068012803D10E
:106E5000FFE700F0F7FA00E0FFE71CE045F600105E
:106E6000C2F200000068A0B9FFE741F2B800C2F228
:106E700000000068C06A0199C96A884207D8FFE724
:106E8000019841F2B801C2F20001086000E0FFE79A
:106E900000E0FFE7FFE745F27810C2F2000001686A
:106EA000013101600068019948640198C06A45F2A7
:106EB0007C11C2F200010968884208D9FFE70198F5
:106EC000C06A45F27C11C2F200010860FFE7019937
:106ED000C86A00EB800241F2D000C2F2000000EB71
:106EE0008200043101F0AAF901F0FCF945F6001026
:106EF000C2F200000068C8B1FFE741F2B800C2F278
:106F000000000068C06A0199C96A88420CD2FFE794
:106F10004EF60451CEF200014FF080500860BFF3EE
:106F20004F8FBFF36F8F00E0FFE700E0FFE702B095
:106F300080BD000080B584B001F0A8F945F6381096
:106F4000C2F200000068002840D1FFE745F6380093
:106F5000C2F20000029001F01BF945F64C00C2F2AB
:106F60000000039001F014F90299039841F2BC0269
:106F7000C2F20002116041F2CC01C2F200010860CD
:106F800069460020086040F6C472C2F2000241F275
:106F90006403C2F200030A20102101F035FD01460E
:106FA00045F63810C2F200000160006860B1FFE7EA
:106FB00045F63810C2F20000006849F6C721C0F655
:106FC000000101F081FA00E0FFE700E0FFE701F0D7
:106FD00089F904B080BD000080B582B0FFE745F2BA
:106FE0007010C2F20000006808B3FFE701F04EF92C
:106FF00045F62010C2F20000C068C06801900198F8
:10700000043001F075F845F26C11C2F20001086815
:107010000138086045F27011C2F2000108680138B9
:10702000086001F05FF9019800F08CF8D7E702B032
:1070300080BD000080B582B0019000910198006C85
:10704000B8B1FFE70199C8680A6C1044C86001989C
:107050008168C068884204D3FFE701990868C86066
:1070600000E0FFE70098019AD168126CF9F774F913
:10707000FFE702B080BD000080B586B005900491A6
:107080000392002002900598806B01900598006C97
:1070900078B9FFE70598006848B9FFE70598806868
:1070A00002F068FA029005990020886000E0FFE78E
:1070B00041E00398B8B9FFE7059A04995068126C4B
:1070C000F9F74AF9059948680A6C1044486005992F
:1070D00048688968884204D3FFE7059908684860D2
:1070E00000E0FFE726E0059A0499D068126CF9F7F2
:1070F00033F90599C8680A6C801AC8600598016858
:10710000C068884206D2FFE7059988680A6C801A31
:10711000C86000E0FFE70398022809D1FFE7019863
:1071200020B1FFE701980138019000E0FFE700E09F
:10713000FFE7FFE7FFE701980130059988630298B0
:1071400006B080BD80B582B00090009890F85900DC
:1071500040B9FFE70098006B01F0EAF8009801F0F1
:10716000E7F81CE0009890F85900012804D1FFE7E7
:10717000009801F0DDF811E0009890F8590002281D
:107180000BD0FFE74FF0500080F31188BFF36F8FF3
:10719000BFF34F8F0190FFE7FEE7FFE7FFE702B085
:1071A00080BD000082B0019041F2BC00C2F200003C
:1071B00000680068B0FA80F0400901990860019801
:1071C000006848B9FFE741F2BC00C2F20000006865
:1071D000C0680068009002E000200090FFE700987F
:1071E00002B0704784B04FF47050009041F260508C
:1071F000C2F2000001909DF80400400788B1FFE74B
:10720000019807300190019820F007000190019A41
:1072100041F26051C2F200010098891A08440090BE
:10722000FFE701980290029945F60410C2F20000AF
:107230000160002141600298009A10440190019879
:1072400008380190019820F007000190019A41F25E
:10725000C400C2F20000026002685160026811605E
:10726000029903910199039A891A51600068039960
:1072700008600398406845F69401C2F20001086076
:107280000398406845F68C01C2F20001086045F69B
:107290006001C2F200014FF00040086004B0704786
:1072A00080B582B00190FFE7FFF796FE41F2D00073
:1072B000C2F20000006802280CD3FFE74EF604512A
:1072C000CEF200014FF080500860BFF34F8FBFF344
:1072D0006F8F00E0FFE7E7E780B584B0DDF818C006
:1072E0000390029101928DF80330029818B9FFE7DC
:1072F0000698006003E0019806990860FFE703988C
:107300000699C8630298069908640698012101F05D
:1073100003FC9DF80300069981F84C0004B080BD81
:1073200080B588B0DDF834C0DDF830C0DDF82CC0A1
:10733000DDF828C006900591049203930C98006B29
:1073400004998900A522F9F74CF80C98006B049970
:1073500000EB810004380290029820F007000290B0
:107360009DF80800400758B1FFE74FF0500080F348
:107370001188BFF36F8FBFF34F8F0790FFE7FEE7D2
:107380000598F8B1FFE700200190FFE701980F286A
:1073900013D8FFE70598019A805C0C99114481F895
:1073A000340005980199405C08B9FFE705E0FFE764
:1073B000FFE7019801300190E8E70C99002081F87F
:1073C000430004E00C99002081F83400FFE70A989C
:1073D000382803D3FFE737200A9000E0FFE70A9838
:1073E0000C99C8620A980C99C8640C990020009006
:1073F00008650C98043000F0E3FE0C98183000F09B
:10740000DFFE00980C9909610A99C1F138010C9AC4
:1074100091610C9949620C9948650C9981F8580062
:1074200002980699039A00F0D1FC0C9908600B9819
:1074300020B1FFE70C980B99086000E0FFE708B067
:1074400080BD000080B584B000200390FFE7039862
:10745000372810D8FFE7039800EB800141F2D000F5
:10746000C2F2000000EB810000F092FEFFE70398FB
:1074700001300390EBE745F66400C2F20000019092
:1074800000F086FE45F67800C2F20000029000F09F
:107490007FFE45F6AC00C2F2000000F079FE45F632
:1074A0002010C2F2000000F073FE45F60C10C2F28C
:1074B000000000F06DFE0199029841F2C002C2F294
:1074C0000002116041F2C801C2F20001086004B07C
:1074D00080BD000083B0029045F60410C2F20000A7
:1074E0000190FFE7019800680299884205D2FFE702
:1074F000FFE7019800680190F4E701980090009878
:107500000199496808440299884209D1FFE7029825
:10751000426801994868104448600198029000E070
:10752000FFE7029800900098029949680844019981
:107530000968884220D1FFE70198006841F2C40140
:10754000C2F20001096888420DD0FFE70198006887
:1075500042680299486810444860019800680068D1
:107560000299086007E041F2C400C2F2000000681E
:1075700002990860FFE704E001980068029908603A
:10758000FFE701980299884204D0FFE70298019929
:10759000086000E0FFE703B07047000080B586B0E8
:1075A000059004910392029300200190049805999C
:1075B00048600598006104980399884216D8FFE74F
:1075C00003980299401A05998969884203D3FFE715
:1075D0000120019009E041F2CC00C2F200000068F5
:1075E0000599043100F0F4FDFFE717E003980299D4
:1075F000884208D2FFE704980299884203D3FFE744
:107600000120019009E041F2BC00C2F200000068D4
:107610000599043100F0DCFDFFE7FFE7019806B0B3
:1076200080BD000080B582B0019000F02FFE01986F
:10763000806B18B9FFE70120009002E00020009065
:10764000FFE700F04FFE009802B080BD80B582B029
:10765000019000F01BFE0198806B0199C96B884274
:1076600003D1FFE70120009002E000200090FFE737
:1076700000F038FE009802B080BD000008480068A5
:10768000006880F308884FF0000080F3148862B629
:1076900061B6BFF34F8FBFF36F8F00DF00BF0000F5
:1076A00008ED00E080B586B00490039141F2BC0083
:1076B000C2F200000068C068C06801900198043000
:1076C00000F016FD019890F828004007002823D507
:1076D000FFE70198049B81691944039AFFF75EFF55
:1076E000C0B1FFE70198049A694600230B60194670
:1076F00002F02CF90290029858B9FFE74FF05000C1
:1077000080F31188BFF36F8FBFF34F8F0590FFE7B2
:10771000FEE700E0FFE707E0019991F8280000F09C
:10772000FE0081F82800FFE70198016A884706B04B
:1077300080BD000080B58EB0FFE745F63810C2F27C
:107740000000006807A9002201F000FC002800F0FA
:10775000B880FFE70798B0F1FF3F17DCFFE707A805
:1077600004300290029858B9FFE74FF0500080F3C0
:107770001188BFF36F8FBFF34F8F0D90FFE7FEE7C8
:1077800002990A6848688968904700E0FFE707980F
:10779000002800F19580FFE7099806900698406957
:1077A00028B1FFE70698043000F0A2FC00E0FFE7F4
:1077B00005A800F0FBF8039007980190092800F253
:1077C0007D800199DFE801F00505053D4566050569
:1077D0003D45069991F8280040F0010081F8280005
:1077E0000698089B81691944039AFFF7D7FE30B3C6
:1077F000FFE70698016A8847069890F82800400736
:1078000000281AD5FFE70698089982690A44694654
:1078100000230B60194602F099F80490049858B9B7
:10782000FFE74FF0500080F31188BFF36F8FBFF375
:107830004F8F0C90FFE7FEE700E0FFE700E0FFE777
:107840003DE0069991F8280000F0FE0081F828003C
:1078500035E0069991F8280040F0010081F82800F1
:107860000898069988610698806958B9FFE74FF033
:10787000500080F31188BFF36F8FBFF34F8F0B90D1
:10788000FFE7FEE70698039B816919441A46FFF754
:1078900085FE14E0069890F828008007002804D49C
:1078A000FFE7069800F044FD07E0069991F82800EC
:1078B00000F0FE0081F82800FFE700E0FFE7FFE7A7
:1078C0003BE70EB080BD000080B584B0039002910C
:1078D00000F064FF684600F069F801900098D8BB9A
:1078E000FFE7029860B9FFE703980199884207D83B
:1078F000FFE701F01DFF03980199FFF7D3FE2AE08F
:10790000029858B1FFE741F2CC00C2F200000068D3
:107910000068B0FA80F040090290FFE745F63810A1
:10792000C2F2000000680399019A891A029A00F0D5
:10793000F5FD01F0FDFE60B9FFE74EF60451CEF211
:1079400000014FF080500860BFF34F8FBFF36F8F7F
:1079500000E0FFE7FFE702E001F0EAFEFFE704B026
:1079600080BD000081B041F2C000C2F2000000689A
:10797000006840B9FFE745F69801C2F200014FF0F8
:10798000FF3008600FE041F2C000C2F20000006862
:10799000C068C06800900098406845F69801C2F23F
:1079A00000010860FFE701B07047000080B582B0B9
:1079B000019001F0F3FC0090009841F2B401C2F292
:1079C00000010968884206D2FFE700F011F801992A
:1079D0000120086003E0019900200860FFE700989B
:1079E00041F2B401C2F200010860009802B080BD0B
:1079F00080B588B0FFE741F2BC00C2F20000006829
:107A0000006800284ED0FFE741F2BC00C2F200003F
:107A10000168C968096806910068C068C068039079
:107A20000398043000F064FB0398016A88470398C8
:107A300090F828004007002832D5FFE70698039900
:107A40008969084405900598069988420FD9FFE78F
:107A50000598039948600398006141F2BC00C2F2A6
:107A6000000000680399043100F0B2FB17E00398AE
:107A7000069A694600230B60194601F067FF0290E1
:107A8000029858B9FFE74FF0500080F31188BFF318
:107A90006F8FBFF34F8F0790FFE7FEE7FFE700E030
:107AA000FFE7A8E741F2BC02C2F2000210680490AE
:107AB00041F2CC01C2F2000108681060049808602D
:107AC00008B080BD83B00020009040F20C00C2F2EC
:107AD00000000068013058B1FFE74FF0500080F31C
:107AE0001188BFF36F8FBFF34F8F0290FFE7FEE760
:107AF0004FF0500080F31188BFF36F8FBFF34F8FAB
:107B00000190FFE7009808B9FFE7FBE703B0704773
:107B100080B584B00390FFE701A8FFF743FB029014
:107B200002980199FFF7D0FEFFF704FEF4E700008A
:107B300080B582B0019000F0A9FB019890F8450053
:107B40008DF80300FFE79DF90300012816DBFFE72E
:107B50000198406A58B1FFE70198243001F080FD98
:107B600018B1FFE700F056FD00E0FFE700E005E098
:107B70009DF8030001388DF80300E4E70199FF2028
:107B800081F8450000F0AEFB00F080FB019890F812
:107B900044008DF80200FFE79DF90200012816DB82
:107BA000FFE70198006980B1FFE70198103001F00C
:107BB00057FD18B1FFE700F02DFD00E0FFE79DF84D
:107BC000020001388DF8020000E000E0E4E70199CE
:107BD000FF2081F8440000F085FB02B080BD00006A
:107BE00080B58AB006900020029000F0D7FD41F2E7
:107BF000C400C2F20000006818B9FFE7FFF7F2FA0C
:107C000000E0FFE7069845F66001C2F2000109684E
:107C1000084240F0C580FFE7069800B3FFE70698EA
:107C2000083006909DF818004007B0B1FFE70698AD
:107C300020F00700083006909DF81800400758B162
:107C4000FFE74FF0500080F31188BFF36F8FBFF351
:107C50004F8F0990FFE7FEE700E0FFE700E0FFE756
:107C60000698002800F09A80FFE7069845F68C01F8
:107C7000C2F200010968884200F29080FFE745F6F1
:107C80000410C2F20000049000680590FFE7059818
:107C90004168069A00209142019007D2FFE70598BB
:107CA0000068002818BF01200190FFE70198C00775
:107CB00030B1FFE705980490059800680590E6E765
:107CC000059841F2C401C2F200010968884263D0FC
:107CD000FFE704980068083002900598006804994E
:107CE0000860059840680699401A112821D3FFE7DB
:107CF00005980699084403909DF80C00400758B178
:107D0000FFE74FF0500080F31188BFF36F8FBFF390
:107D10004F8F0890FFE7FEE7059840680699401AE4
:107D2000039948600698059948600398FFF7D2FBCD
:107D300000E0FFE70598426845F68C00C2F20000BB
:107D40000168891A0160006845F69401C2F20001D9
:107D5000096888420BD2FFE745F68C00C2F20000AA
:107D6000006845F69401C2F20001086000E0FFE7F8
:107D700045F66000C2F200000268059948681043A9
:107D8000486005990020086045F6A001C2F2000194
:107D900008680130086000E0FFE700E0FFE700E06E
:107DA000FFE701F0C5FC9DF80800400758B1FFE768
:107DB0004FF0500080F31188BFF36F8FBFF34F8FE8
:107DC0000790FFE7FEE702980AB080BD83B00290FB
:107DD0000191009202980438029002994FF080704D
:107DE0000860029804380290019820F0010002997E
:107DF0000860029804380290029947F6C520C0F640
:107E000000000860029814380290009802990860F7
:107E100002980438029002996FF0020008600298FC
:107E200020380290029803B07047000080B584B0FB
:107E300003900291029800780399097A884201D14F
:107E4000FFE740E002980078039908720020019053
:107E5000FFE70198032829DCFFE702980078000774
:107E6000002807D5FFE70399086889880122FBF7F6
:107E7000F3FB06E00399086889880022FBF7ECFB16
:107E8000FFE7029908784000087003990868C988DC
:107E90000122FBF7E1FB03990868C9880022FBF780
:107EA000DBFBFFE7019801300190D2E703990868F6
:107EB000C9880122FBF7D0FB03990868C988002212
:107EC000FBF7CAFBFFE704B080BD000083B002905F
:107ED0000191ADF80220ADF80030019802990860D8
:107EE000BDF8020002998880BDF800000299C880A0
:107EF0000299F020087203B07047000080B594B07A
:107F00008DF84F0000201290119010900F900E905D
:107F10009DF84F0001460A91012808D0FFE70A9812
:107F2000022839D0FFE70A98032867D09DE041F284
:107F30003450C2F200000021C4F202014FF400727A
:107F40004FF48063FFF7C2FFFFE700200D9043F678
:107F50003000C4F20200016841F0010101600068D4
:107F600000F001000D900D98FFE70020C4F2020020
:107F700009904FF4C061079100220892FBF76CFB57
:107F80000799089A09980E9101210F911092119169
:107F90000EA9FBF785F969E041F24050C2F20000FA
:107FA0000021C4F2020104220823FFF78FFFFFE73C
:107FB00000200C9043F63000C4F20200016841F04A
:107FC00001010160006800F001000C900C98FFE7CF
:107FD0000020C4F2020006900C21049100220592B8
:107FE000FBF73AFB0499059A06980E9101210F912F
:107FF000109211910EA9FBF753F937E041F24C5062
:10800000C2F2000040F60001C4F202014FF48062A7
:108010004FF40063FFF75AFFFFE700200B9043F691
:108020003000C4F20200016841F004010160006800
:1080300000F004000B900B98FFE740F60000C4F23C
:10804000020003904FF44061019100220292FBF77D
:1080500003FB0199029A03980E9101210F9110924E
:1080600011910EA9FBF71CF900E0FFE79DF84F0006
:10807000002100F003F814B080BD000080B582B08C
:108080008DF807008DF806109DF8060000F00F002F
:108090008DF805009DF8070001460091012808D0E1
:1080A000FFE7009802280DD0FFE70098032812D0C0
:1080B0001AE041F23450C2F200000DF10501FFF761
:1080C000B5FE12E041F24050C2F200000DF1050190
:1080D000FFF7ACFE09E041F24C50C2F200000DF196
:1080E0000501FFF7A3FE00E0FFE702B080BD00003E
:1080F00082B0019001980069009001984168806801
:1081000088600199486889684860009840680199CA
:10811000884205D1FFE7019880680099486000E037
:10812000FFE701990020086100990868013808609C
:108130000098006802B0704783B0029001910092ED
:10814000029945F28030C2F200000860019945F2C0
:108150008010C2F20000086000998020086003B01F
:108160007047000083B0029001910092029945F29D
:10817000DC70C2F200000860019945F2DC30C2F206
:108180000000086000994FF48070086003B07047E9
:1081900081B00090009901F10800486000994FF00B
:1081A000FF308860009901F10800C860009901F172
:1081B0000800086100990020086001B070470000C5
:1081C00081B0009000990020086101B07047000064
:1081D00084B00390029102980068009000980130EA
:1081E00020B9FFE703980069019010E00398083078
:1081F0000190FFE70198406800680099884205D81F
:10820000FFE7FFE7019840680190F3E7FFE7019877
:108210004068029948600298416888600198029914
:10822000886002980199486003980299086103994F
:1082300008680130086004B07047000083B0029005
:108240000191029840680090009801994860009858
:108250008068019988600198009989684860019850
:1082600000998860029801990861029908680130B4
:10827000086003B070470000DFF80C00016841F4AB
:10828000700101607047000088ED00E082B04FF09F
:10829000500080F31188BFF36F8FBFF34F8F0190B1
:1082A00040F20C00C2F20000016801310160006878
:1082B000012814D1FFE74EF60450CEF2000000680A
:1082C000000658B1FFE74FF0500080F31188BFF36C
:1082D0006F8FBFF34F8F0090FFE7FEE7FFE702B01D
:1082E0007047000082B040F20C00C2F2000000684B
:1082F00058B9FFE74FF0500080F31188BFF36F8F3C
:10830000BFF34F8F0090FFE7FEE740F20C00C2F290
:108310000000016801390160006830B9FFE7002002
:108320000190019880F31188FFE702B070470000C8
:1083300080B586B0039003980290039800285CD023
:10834000FFE702980838029002980190019840686F
:1083500045F66001C2F20001096808420BD1FFE74F
:108360004FF0500080F31188BFF36F8FBFF34F8F32
:108370000590FFE7FEE70198006858B1FFE74FF06E
:10838000500080F31188BFF36F8FBFF34F8F0490BD
:10839000FFE7FEE70198406845F66001C2F2000180
:1083A0000968084227D0FFE70198006808BBFFE78B
:1083B00045F66000C2F200000268019948689043E7
:1083C000486000F0EBF90198426845F68C01C2F272
:1083D00000010868104408600198FFF77BF845F633
:1083E000A401C2F2000108680130086001F0A0F9A0
:1083F00000E0FFE700E0FFE7FFE706B080BD000018
:108400004EF21001CEF20001002008604EF2180278
:10841000CEF20002106040F20000C2F200000068DC
:1084200044F6D352C1F26202A0FB02024FF0FF30C9
:1084300000EB92104EF21402CEF200021060072000
:108440000860704784B0EFF3058001900198102810
:108450001ED3FFE701984EF2F031CEF20001405CEE
:108460008DF803009DF8030045F26011C2F200018F
:10847000097888420BDAFFE74FF0500080F311884B
:10848000BFF36F8FBFF34F8F0390FFE7FEE7FFE768
:108490004EF60C50CEF20000006800F4E06045F2A9
:1084A0006411C2F20001096888420BD9FFE74FF05E
:1084B000500080F31188BFF36F8FBFF34F8F02908E
:1084C000FFE7FEE704B0704783B0029001910020FF
:1084D0000090FFE7009807281DD8FFE7009945F6B0
:1084E000C000C2F2000050F8310070B9FFE70198F7
:1084F000009A45F6C001C2F2000141F8320002982C
:10850000009A01EBC201486005E0FFE7FFE7009831
:1085100001300090DEE703B07047000080B584B002
:1085200003900291019203980090FFF7AFFE00982C
:1085300090F94400013028B9FFE70099002081F844
:108540004400FFE7009890F94500013028B9FFE7A3
:108550000099002081F84500FFE7FFF7C3FE00986F
:10856000806B38B9FFE7009824300299019A00F037
:108570007BF800E0FFE70098FFF7DAFA04B080BD6F
:1085800080B584B00290002001900298E0B1FFE72E
:1085900045F27410C2F20000006858B1FFE74FF0D6
:1085A000500080F31188BFF36F8FBFF34F8F03909C
:1085B000FFE7FEE700F0F2F802980021FEF7BEFBAD
:1085C00001F0B6F8019000E0FFE7019860B9FFE71D
:1085D0004EF60451CEF200014FF080500860BFF318
:1085E0004F8FBFF36F8F00E0FFE704B080BD000046
:1085F00081B0009045F69C00C2F20000006800992E
:10860000086045F63410C2F2000000680099486026
:1086100001B0704745F64011C2F200010120086028
:108620007047000080B584B002900191029858B95B
:10863000FFE74FF0500080F31188BFF36F8FBFF357
:108640004F8F0390FFE7FEE7029841F2B801C2F2B4
:10865000000109681831FFF7BBFD01980121FEF701
:108660006DFB04B080BD000080B584B00290019124
:108670000092029858B9FFE74FF0500080F311883C
:10868000BFF36F8FBFF34F8F0390FFE7FEE70298B2
:1086900041F2B801C2F2000109681831FFF7CEFDBE
:1086A000009820B1FFE74FF0FF300190FFE70198FD
:1086B0000099FEF743FB04B080BD000080B58AB08E
:1086C000002003900690059006A805A904AAFFF7CC
:1086D00033FD039B049A0599DDF818C06846C0F87D
:1086E00008C04160036047F2A120C0F6000049F6CF
:1086F000C221C0F6000100F0CDFD014645F6900014
:10870000C2F200000160006818B1FFE70120079085
:1087100002E000200790FFE70798012804D1FFE757
:1087200001F0CAF8079000E0FFE70798012823D17D
:10873000FFE74FF0500080F31188BFF36F8FBFF356
:108740004F8F099045F69801C2F200014FF0FF30BB
:10875000086045F60011C2F200010120086045F6EC
:108760003411C2F200010020086000F083F808B163
:10877000FFE700E0FFE70FE00798013058B9FFE797
:108780004FF0500080F31188BFF36F8FBFF34F8F0E
:108790000890FFE7FEE7FFE70AB080BD45F27411DD
:1087A000C2F20001086801300860704783B045F2EA
:1087B0007410C2F20000006838B1FFE745F64011BE
:1087C000C2F200010120086051E045F64011C2F2FA
:1087D00000010020086045F27C10C2F20000006831
:1087E0000190FFE7019800EB800141F2D000C2F256
:1087F000000050F8210090B9FFE7019858B9FFE751
:108800004FF0500080F31188BFF36F8FBFF34F8F8D
:108810000290FFE7FEE7019801380190E2E7019836
:1088200000EB800141F2D000C2F2000000EB8100B9
:10883000009000994868406848600099486808318D
:10884000884205D1FFE70099486840684860FFE723
:1088500000984068C06841F2B801C2F200010860A7
:10886000019845F27C11C2F200010860FFE703B0F5
:108870007047000080B588B04EF60050CEF2000080
:1088800000684CF27121C4F20F1188420BD1FFE74E
:108890004FF0500080F31188BFF36F8FBFF34F8FFD
:1088A0000790FFE7FEE74EF60050CEF200000068AA
:1088B0004CF27021C4F20F1188420BD1FFE74FF048
:1088C000500080F31188BFF36F8FBFF34F8F069076
:1088D000FFE7FEE74EF20040CEF200000390017881
:1088E0000491FF21017000788DF80B009DF80B00BA
:1088F00000F0500045F26011C2F20001087045F22C
:108900006411C2F2000107200860FFE79DF80B0028
:10891000000600280DD5FFE745F26411C2F2000100
:108920000868013808609DF80B0040008DF80B00C6
:10893000ECE745F26410C2F20000006803280BD097
:10894000FFE74FF0500080F31188BFF36F8FBFF344
:108950004F8F0590FFE7FEE745F26411C2F2000178
:10896000086800020860086800F4E0600860049885
:108970004EF20041CEF2000108704EF62051CEF2C8
:108980000001086840F470000860086840F070401A
:108990000860FFF735FD40F20C01C2F20001002033
:1089A00001900860FFF768FC4EF63471CEF20001CA
:1089B000086840F040400860FEF760FEFFF7F6FEF2
:1089C000FFF780F8019808B080BD000080B582B044
:1089D0004FF0500080F31188BFF36F8FBFF34F8FBC
:1089E000009000F0E5FC40B1FFE74EF60451CEF2F6
:1089F00000014FF080500860FFE7002001900198CF
:108A000080F3118802B080BD80B590B08446129882
:108A1000CDF828C00991089207938DF81B000A9899
:108A200058B9FFE74FF0500080F31188BFF36F8F04
:108A3000BFF34F8F0F90FFE7FEE7079858B9FFE7A6
:108A40004FF0500080F31188BFF36F8FBFF34F8F4B
:108A50000E90FFE7FEE708990020039031B1FFE791
:108A60000998B0FA80F040090390FFE70398C00727
:108A700058B1FFE74FF0500080F31188BFF36F8FBC
:108A8000BFF34F8F0D90FFE7FEE70899002002909B
:108A900031B9FFE70998002818BF01200290FFE7CD
:108AA0000298C00758B1FFE74FF0500080F31188DB
:108AB000BFF36F8FBFF34F8F0C90FFE7FEE750209F
:108AC0000490049850280BD0FFE74FF0500080F33B
:108AD0001188BFF36F8FBFF34F8F0B90FFE7FEE757
:108AE000049807980590059888B1FFE7059901203B
:108AF00081F846000A980999089A9DF81B30DDF81C
:108B000014C0EE46CEF800C0FEF7E6FB00E0FFE73B
:108B1000059810B080BD000080B584B0029001912E
:108B200002980090009858B9FFE74FF0500080F38A
:108B30001188BFF36F8FBFF34F8F0390FFE7FEE7FE
:108B4000FFF7A4FB00990B68C86B0A6C00FB0230AE
:108B5000886000990020886300990868486000993F
:108B60000B68C86B0A6C013800FB0230C8600099C2
:108B7000FF2081F84400009981F845000198D0B9A0
:108B8000FFE700980069A0B1FFE70098103000F0FF
:108B900067FD60B1FFE74EF60451CEF200014FF0E1
:108BA00080500860BFF34F8FBFF36F8F00E0FFE787
:108BB00000E0FFE708E000981030FFF7E9FA0098BE
:108BC0002430FFF7E5FAFFE7FFF78CFB012004B044
:108BD00080BD000080B592B00C900B910A92099371
:108BE000002008900C980490049858B9FFE74FF0C3
:108BF000500080F31188BFF36F8FBFF34F8F119038
:108C0000FFE7FEE70B990020039039B9FFE70498CE
:108C1000006C002818BF01200390FFE70398C007ED
:108C200058B1FFE74FF0500080F31188BFF36F8F0A
:108C3000BFF34F8F1090FFE7FEE70999002002294C
:108C4000029007D1FFE70498C06B013818BF0120DC
:108C50000290FFE70298C00758B1FFE74FF05000BD
:108C600080F31188BFF36F8FBFF34F8F0F90FFE733
:108C7000FEE700F077FB01460020019031B9FFE7E5
:108C80000A98002818BF01200190FFE70198C0074B
:108C900058B1FFE74FF0500080F31188BFF36F8F9A
:108CA000BFF34F8F0E90FFE7FEE7FFE7FFF7EEFA07
:108CB0000498806B0499C96B884204D3FFE7099834
:108CC000022834D1FFE704980B99099AFEF7D4F9EA
:108CD00007900498406AA0B1FFE70498243000F0A0
:108CE000BFFC60B1FFE74EF60451CEF200014FF039
:108CF00080500860BFF34F8FBFF36F8F00E0FFE736
:108D000010E0079860B1FFE74EF60451CEF2000183
:108D10004FF080500860BFF34F8FBFF36F8F00E0BC
:108D2000FFE7FFE7FFF7DEFA01200D9065E00A9804
:108D300028B9FFE7FFF7D6FA00200D905DE008980C
:108D400030B9FFE705A8FFF753FC0120089000E0C9
:108D5000FFE7FFE7FFE7FFF7C5FAFFF71FFDFFF7A4
:108D600095FA049890F94400013028B9FFE7049976
:108D7000002081F84400FFE7049890F94500013095
:108D800028B9FFE70499002081F84500FFE7FFF7C5
:108D9000A9FA05A80AA900F0C7F928BBFFE70498BB
:108DA000FEF754FCC8B1FFE7049810300A99FFF7AA
:108DB00039FC0498FEF7BCFE00F0BAFC60B9FFE78E
:108DC0004EF60451CEF200014FF080500860BFF320
:108DD0004F8FBFF36F8FFFE705E00498FEF7A8FE03
:108DE00000F0A6FCFFE707E00498FEF7A1FE00F004
:108DF0009FFC00200D9000E058E70D9812B080BD58
:108E000080B592B00B900A91099208930B98059047
:108E1000059858B9FFE74FF0500080F31188BFF371
:108E20006F8FBFF34F8F0E90FFE7FEE70A99002088
:108E3000029039B9FFE70598006C002818BF01209F
:108E40000290FFE70298C00758B1FFE74FF05000CB
:108E500080F31188BFF36F8FBFF34F8F0D90FFE743
:108E6000FEE7089900200229019007D1FFE7059845
:108E7000C06B013818BF01200190FFE70198C007BF
:108E800058B1FFE74FF0500080F31188BFF36F8FA8
:108E9000BFF34F8F0C90FFE7FEE7FFF7D3FAEFF336
:108EA00011814FF0500080F31188BFF36F8FBFF333
:108EB0004F8F10910F90109806900598806B059930
:108EC000C96B884204D3FFE70898022833D1FFE733
:108ED000059890F845008DF813000598806B039075
:108EE00005980A99089AFEF7C7F89DF91300013012
:108EF000B8B9FFE70598406A88B1FFE705982430C4
:108F000000F0AEFB48B1FFE7099820B1FFE70999EF
:108F10000120086000E0FFE700E0FFE700E0FFE776
:108F200006E09DF813000130059981F84500FFE740
:108F30000120079002E000200790FFE706981190BB
:108F4000119880F31188079812B080BD80B58EB05B
:108F500009900891079200200690099803900398C1
:108F600058B9FFE74FF0500080F31188BFF36F8FBF
:108F7000BFF34F8F0D90FFE7FEE7089900200190A7
:108F800039B9FFE70398006C002818BF0120019051
:108F9000FFE70198C00758B1FFE74FF0500080F39A
:108FA0001188BFF36F8FBFF34F8F0C90FFE7FEE781
:108FB00000F0D8F901460020009031B9FFE707988A
:108FC000002818BF01200090FFE70098C00758B1A3
:108FD000FFE74FF0500080F31188BFF36F8FBFF3AE
:108FE0004F8F0B90FFE7FEE7FFE7FFF74FF903987E
:108FF000806B0290029830B3FFE703980899FEF760
:1090000019F8029801380399886303980069A0B1A0
:10901000FFE70398103000F023FB60B1FFE74EF646
:109020000451CEF200014FF080500860BFF34F8F23
:10903000BFF36F8F00E0FFE700E0FFE7FFF752F9B3
:1090400001200A906DE0079828B9FFE7FFF74AF979
:1090500000200A9065E0069830B9FFE704A8FFF702
:10906000C7FA0120069000E0FFE7FFE7FFE7FFF700
:1090700039F9FFF793FBFFF709F9039890F94400DA
:10908000013028B9FFE70399002081F84400FFE789
:10909000039890F94500013028B9FFE703990020B3
:1090A00081F84500FFE7FFF71DF904A807A900F0C4
:1090B0003BF830BBFFE70398FEF7B4FAD0B1FFE707
:1090C000039824300799FFF7ADFA0398FEF730FDB7
:1090D00000F02EFB60B9FFE74EF60451CEF200011E
:1090E0004FF080500860BFF34F8FBFF36F8F00E0E9
:1090F000FFE705E00398FEF71BFD00F019FBFFE713
:109100000EE00398FEF714FD00F012FB0398FEF743
:1091100089FA18B1FFE700200A9002E0FFE7FFE7B5
:1091200063E70A980EB080BD80B588B005900491C1
:10913000059858B9FFE74FF0500080F31188BFF34E
:109140006F8FBFF34F8F0790FFE7FEE7049858B982
:10915000FFE74FF0500080F31188BFF36F8FBFF32C
:109160004F8F0690FFE7FEE7FFF790F845F63410C3
:10917000C2F2000000680290029805994968401AFE
:10918000019004980068013018B9FFE700200390AF
:109190002BE045F69C00C2F20000006805990968C2
:1091A000884209D0FFE7029805994968884203D3AD
:1091B000FFE70120039017E00198049909688842AD
:1091C0000BD2FFE7019A04990868801A0860059895
:1091D000FFF70EFA0020039005E0049900200860D4
:1091E00001200390FFE7FFE7FFE7FFF77BF8039815
:1091F00008B080BD70B58CB0DDF844C0DDF840C06B
:109200000B900A91ADF826200893BDF82600800047
:10921000FEF7E6FC0590059880B1FFE75C20FEF7BD
:10922000DFFC0790079820B1FFE7059807990863CE
:1092300003E00598FFF77CF8FFE702E000200790C5
:10924000FFE70798F0B1FFE70798002680F859601C
:109250000B980A99BDF82620089BDDF840C0119CA8
:10926000079DEE46CEF80C60CEF80850CEF80440CC
:10927000CEF800C0FEF754F80798FDF7C9FD0120AD
:10928000069003E04FF0FF300690FFE706980CB021
:1092900070BD0000B0B58EB0DDF850C0DDF84CC038
:1092A000DDF848C00A90099108920793139858B9BD
:1092B000FFE74FF0500080F31188BFF36F8FBFF3CB
:1092C0004F8F0D90FFE7FEE7149858B9FFE74FF076
:1092D000500080F31188BFF36F8FBFF34F8F0C9056
:1092E000FFE7FEE75C20049004985C280BD0FFE7C2
:1092F0004FF0500080F31188BFF36F8FBFF34F8F93
:109300000B90FFE7FEE70498149820B3FFE713984B
:1093100008B3FFE714980690139806990863069916
:10932000022081F859000A980999089A079BDDF8EC
:1093300048C0069CEE460025CEF80C50CEF80840FA
:1093400005ACCEF80440CEF800C0FDF7E9FF069862
:10935000FDF75EFD02E000200590FFE705980EB0E6
:10936000B0BD000081B045F60010C2F200000068F8
:1093700018B9FFE7012000900DE045F27410C2F229
:109380000000006818B9FFE70220009002E000200A
:109390000090FFE7FFE7009801B0704781B045F605
:1093A0003410C2F2000000680090009801B07047CD
:1093B00080B586B00020029045F27410C2F2000021
:1093C0000068002840F0CB80FFE745F63411C2F278
:1093D000000108680130019001980860019858BBAD
:1093E000FFE741F2C000C2F200000068006858B117
:1093F000FFE74FF0500080F31188BFF36F8FBFF38A
:109400004F8F0590FFE7FEE741F2C002C2F2000273
:109410001068009041F2C801C2F2000108681060B3
:109420000098086045F69C01C2F20001086801300E
:109430000860FEF797FA00E0FFE7019845F698010B
:10944000C2F200010968884268D3FFE7FFE741F2F2
:10945000C000C2F200000068006840B9FFE745F6AE
:109460009801C2F200014FF0FF30086055E041F270
:10947000C000C2F200000068C068C0680490049890
:109480004068039001980399884207D2FFE7039848
:1094900045F69801C2F2000108603EE0FFE704983B
:1094A0000430FEF725FE0498806A28B1FFE704988F
:1094B0001830FEF71DFE00E0FFE70498C06A45F291
:1094C0007C11C2F200010968884208D9FFE70498BC
:1094D000C06A45F27C11C2F200010860FFE70499FE
:1094E000C86A00EB800241F2D000C2F2000000EB3B
:1094F00082000431FEF7A2FE0498C06A41F2B8016E
:10950000C2F200010968C96A884203D3FFE701205B
:10951000029000E0FFE7FFE799E7FFE741F2B800BC
:10952000C2F200000068C06A00EB800141F2D00086
:10953000C2F2000050F82100022803D3FFE7012007
:10954000029000E0FFE745F64010C2F2000000681C
:1095500018B1FFE70120029000E0FFE707E045F6C1
:10956000A801C2F20001086801300860FFE7029814
:1095700006B080BD80B586B00390039802900020AD
:1095800001900398002867D0FFE7029841F2B801E4
:10959000C2F20001096888420BD0FFE74FF050008B
:1095A00080F31188BFF36F8FBFF34F8F0590FFE7F4
:1095B000FEE70298006D58B9FFE74FF0500080F3C6
:1095C0001188BFF36F8FBFF34F8F0490FFE7FEE763
:1095D0000299086D013808650299C86AC96C884209
:1095E00038D0FFE70298006D90BBFFE70298043087
:1095F000FEF77EFD08B9FFE700E0FFE70299C86CBF
:10960000C8620299C86AC0F1380088610298C06ACD
:1096100045F27C11C2F200010968884208D9FFE7CF
:109620000298C06A45F27C11C2F200010860FFE7AF
:109630000299C86A00EB800241F2D000C2F2000039
:1096400000EB82000431FEF7F9FD0120019000E0FB
:10965000FFE700E0FFE700E0FFE7019806B080BD0C
:1096600080B584B002900298C068C06801900198EB
:1096700058B9FFE74FF0500080F31188BFF36F8FA8
:10968000BFF34F8F0390FFE7FEE701981830FEF716
:109690002FFD45F27410C2F20000006820BBFFE706
:1096A00001980430FEF724FD0198C06A45F27C1150
:1096B000C2F200010968884208D9FFE70198C06A30
:1096C00045F27C11C2F200010860FFE70199C86A07
:1096D00000EB800241F2D000C2F2000000EB8200F9
:1096E0000431FEF7ABFD09E0019800F1180145F6E1
:1096F000AC00C2F20000FEF7A1FDFFE70198C06ACE
:1097000041F2B801C2F200010968C96A884208D969
:10971000FFE70120009045F64011C2F20001086009
:1097200002E000200090FFE7009804B080BD000038
:1097300080B584B000200290019045F27410C2F20E
:109740000000006858B9FFE74FF0500080F311881F
:10975000BFF36F8FBFF34F8F0390FFE7FEE7FEF776
:1097600095FD45F27410C2F20000016801390160F4
:109770000068002840F09980FFE745F26C10C2F2C3
:1097800000000068002800F08F80FFE7FFE745F643
:10979000AC00C2F200000068002842D0FFE745F6A6
:1097A000AC00C2F20000C068C06802900298183095
:1097B000FEF79EFC02980430FEF79AFC0298C06AFD
:1097C00045F27C11C2F200010968884208D9FFE71E
:1097D0000298C06A45F27C11C2F200010860FFE7FE
:1097E0000299C86A00EB800241F2D000C2F2000088
:1097F00000EB82000431FEF721FD0298C06A41F2BD
:10980000B801C2F200010968C96A884207D3FFE7BC
:1098100045F64011C2F200010120086000E0FFE7B8
:10982000B5E7029818B1FFE7FEF79CF8FFE745F6A9
:10983000A800C2F20000006800900098E0B1FFE7C5
:10984000FFE7FFF7B5FD38B1FFE745F64011C2F27B
:1098500000010120086000E0FFE700980138009057
:10986000FFE700980028ECD1FFE745F6A801C2F217
:1098700000010020086000E0FFE745F64010C2F25A
:109880000000006870B1FFE7012001904EF604511E
:10989000CEF200014FF080500860BFF34F8FBFF34E
:1098A0006F8F00E0FFE7FFE700E0FFE7FEF71AFD3C
:1098B000019804B080BD000080B58AB000200890F7
:1098C000FDF738FB45F63810C2F20000006858B3C7
:1098D000FFE7002004900790069007A806A905AAB4
:1098E000FEF740FC049B059A0698DDF81CC069460B
:1098F000C1F808C048600220086047F61130C0F681
:10990000000049F6CC21C0F60001FFF7C3FC014678
:1099100045F63C10C2F200000160006818B1FFE794
:1099200001200890FFE700E0FFE7089858B9FFE73B
:109930004FF0500080F31188BFF36F8FBFF34F8F4C
:109940000990FFE7FEE708980AB080BD80B58AB0AD
:10995000DDF830C00890079106920593002004902E
:10996000089858B9FFE74FF0500080F31188BFF313
:109970006F8FBFF34F8F0990FFE7FEE745F6381072
:10998000C2F200000068A8B3FFE7079800900698AD
:10999000019008980290079805281EDCFFE7FFF762
:1099A000E1FC02280CD1FFE745F63810C2F20000B6
:1099B00000680C9A69460023FFF70CF904900BE04D
:1099C00045F63810C2F200000068694600231A46C6
:1099D000FFF700F90490FFE70BE045F63810C2F2FC
:1099E00000000068059A69460023FFF709FA049011
:1099F000FFE700E0FFE704980AB080BDF1EE100A2F
:109A00004FF6FF71C0F2C03120EA010040F0407013
:109A1000E1EE100A704700000000000000000102A3
:109A20000304060708090000000001020304000007
:109A3000B99A0008000000000000000000000000CB
:109A400000000000000200001800000000000000FC
:109A5000000000000006101600061016A49A000868
:109A600000000000000000000000000000000000F6
:109A700000020000090000000000000000000000DB
:109A8000B19A000800000000000000000000000083
:109A900000000000000200001800000000000000AC
:109AA0000000000047726F756E645F426C6F636BFD
:109AB000004C65645461736B00426565705461735A
:109AC0006B0049444C4500546D725100546D722036
:109AD00053766300F89A0008000000201000000090
:109AE000C4010008089B0008100000203865000031
:109AF000E0010008000000000024F4000100000064
:089B000010000000AAAAAAAAA5
:040000050800018965
:00000001FF
